{
  "id": 1,
  "title": "File Systems View",
  "originalTitle": "File Systems View",
  "tags": [
    "default",
    "node"
  ],
  "style": "dark",
  "timezone": "browser",
  "editable": true,
  "hideControls": false,
  "sharedCrosshair": false,
  "rows": [
    {
      "collapse": false,
      "editable": true,
      "height": "250px",
      "panels": [
        {
          "content": "This View provides performance details of all File Systems mounted on the node. You can view the file systems read or write throughput,  number of read/ write operations. \nYou can switch the graph metric display  through the metric1, metric2 selection. Also you can limit the view perspective to a  particular filesystem (use \"byFsName\" drop down list) or a mounted node (use \"byNode\" drop down list).\n",
          "editable": true,
          "error": false,
          "height": "100px",
          "id": 2,
          "isNew": true,
          "links": [
            {
              "type": "dashboard"
            }
          ],
          "minSpan": 4,
          "mode": "text",
          "repeat": null,
          "scopedVars": {},
          "span": 12,
          "style": {
            "font-size": "36pt"
          },
          "title": "",
          "type": "text"
        },
        {
          "aliasColors": {},
          "bars": true,
          "datasource": null,
          "editable": true,
          "error": false,
          "fill": 6,
          "grid": {
            "threshold1": null,
            "threshold1Color": "rgba(193, 177, 5, 0.85)",
            "threshold2": null,
            "threshold2Color": "rgba(78, 1, 1, 0.92)",
            "thresholdLine": true
          },
          "height": "",
          "id": 5,
          "isNew": true,
          "legend": {
            "alignAsTable": false,
            "avg": false,
            "current": false,
            "max": false,
            "min": false,
            "rightSide": false,
            "show": false,
            "total": false,
            "values": false
          },
          "lines": false,
          "linewidth": 6,
          "links": [],
          "minSpan": 6,
          "nullPointMode": "connected",
          "percentage": false,
          "pointradius": 5,
          "points": false,
          "renderer": "flot",
          "repeat": null,
          "seriesOverrides": [],
          "span": 6,
          "stack": false,
          "steppedLine": false,
          "targets": [
            {
              "aggregator": "sum",
              "currentFilterGroupBy": false,
              "currentFilterKey": "",
              "currentFilterType": null,
              "currentFilterValue": "",
              "downsampleAggregator": "avg",
              "downsampleFillPolicy": "none",
              "downsampleInterval": "15m",
              "filters": [
                {
                  "groupBy": true,
                  "tagk": "node",
                  "type": "pm_filter"
                }
              ],
              "metric": "$gpfsMetrics_fs1",
              "refId": "A"
            },
            {
              "aggregator": "sum",
              "alias": "",
              "currentFilterGroupBy": false,
              "currentFilterKey": "",
              "currentFilterType": null,
              "currentFilterValue": "",
              "disableDownsampling": false,
              "downsampleAggregator": "avg",
              "downsampleFillPolicy": "none",
              "downsampleInterval": "15m",
              "filters": [
                {
                  "groupBy": true,
                  "tagk": "node",
                  "type": "pm_filter"
                }
              ],
              "metric": "$gpfsMetrics_fs2",
              "refId": "B"
            }
          ],
          "timeFrom": null,
          "timeShift": null,
          "title": "OVERVIEW( $gpfsMetrics_fs1 & $gpfsMetrics_fs2 )",
          "tooltip": {
            "msResolution": false,
            "shared": true,
            "value_type": "cumulative"
          },
          "type": "graph",
          "xaxis": {
            "show": true
          },
          "yaxes": [
            {
              "format": "ops",
              "label": null,
              "logBase": 1,
              "max": null,
              "min": null,
              "show": true
            },
            {
              "format": "short",
              "label": null,
              "logBase": 1,
              "max": 0,
              "min": null,
              "show": true
            }
          ]
        },
        {
          "aliasColors": {},
          "bars": true,
          "datasource": null,
          "editable": true,
          "error": false,
          "fill": 6,
          "grid": {
            "threshold1": null,
            "threshold1Color": "rgba(216, 200, 27, 0.27)",
            "threshold2": null,
            "threshold2Color": "rgba(234, 112, 112, 0.22)"
          },
          "id": 9,
          "isNew": true,
          "legend": {
            "avg": false,
            "current": false,
            "max": false,
            "min": false,
            "show": false,
            "total": false,
            "values": false
          },
          "lines": false,
          "linewidth": 6,
          "links": [],
          "minSpan": 6,
          "nullPointMode": "connected",
          "percentage": false,
          "pointradius": 5,
          "points": false,
          "renderer": "flot",
          "seriesOverrides": [],
          "span": 6,
          "stack": false,
          "steppedLine": false,
          "targets": [
            {
              "aggregator": "sum",
              "currentFilterGroupBy": false,
              "currentFilterKey": "",
              "currentFilterType": "literal_or",
              "currentFilterValue": "",
              "downsampleAggregator": "avg",
              "downsampleFillPolicy": "none",
              "downsampleInterval": "15m",
              "filters": [
                {
                  "groupBy": true,
                  "tagk": "gpfs_fs_name",
                  "type": "pm_filter"
                }
              ],
              "metric": "$gpfsMetrics_fs1",
              "refId": "A"
            },
            {
              "aggregator": "sum",
              "alias": "",
              "currentFilterGroupBy": false,
              "currentFilterKey": "",
              "currentFilterType": "literal_or",
              "currentFilterValue": "",
              "disableDownsampling": false,
              "downsampleAggregator": "avg",
              "downsampleFillPolicy": "none",
              "downsampleInterval": "15m",
              "filters": [
                {
                  "groupBy": true,
                  "tagk": "gpfs_fs_name",
                  "type": "pm_filter"
                }
              ],
              "metric": "$gpfsMetrics_fs2",
              "refId": "B"
            }
          ],
          "timeFrom": null,
          "timeShift": null,
          "title": "OVERVIEW( $gpfsMetrics_fs1 & $gpfsMetrics_fs2 )",
          "tooltip": {
            "msResolution": false,
            "shared": true,
            "value_type": "cumulative"
          },
          "type": "graph",
          "xaxis": {
            "show": true
          },
          "yaxes": [
            {
              "format": "short",
              "label": null,
              "logBase": 1,
              "max": null,
              "min": null,
              "show": true
            },
            {
              "format": "short",
              "label": null,
              "logBase": 1,
              "max": null,
              "min": null,
              "show": true
            }
          ]
        },
        {
          "aliasColors": {},
          "bars": false,
          "datasource": null,
          "editable": true,
          "error": false,
          "fill": 1,
          "grid": {
            "threshold1": null,
            "threshold1Color": "rgba(216, 200, 27, 0.27)",
            "threshold2": null,
            "threshold2Color": "rgba(234, 112, 112, 0.22)"
          },
          "id": 7,
          "isNew": true,
          "legend": {
            "avg": false,
            "current": false,
            "max": false,
            "min": false,
            "show": true,
            "total": false,
            "values": false
          },
          "lines": true,
          "linewidth": 2,
          "links": [],
          "nullPointMode": "connected",
          "percentage": false,
          "pointradius": 5,
          "points": false,
          "renderer": "flot",
          "seriesOverrides": [],
          "span": 3,
          "stack": false,
          "steppedLine": false,
          "targets": [
            {
              "aggregator": "avg",
              "currentFilterGroupBy": false,
              "currentFilterKey": "",
              "currentFilterType": "literal_or",
              "currentFilterValue": "",
              "downsampleAggregator": "avg",
              "downsampleFillPolicy": "none",
              "downsampleInterval": "",
              "filters": [
                {
                  "filter": "$byFsName",
                  "groupBy": true,
                  "tagk": "gpfs_fs_name",
                  "type": "iliteral_or"
                }
              ],
              "metric": "$gpfsMetrics_fs2",
              "refId": "A"
            }
          ],
          "timeFrom": null,
          "timeShift": null,
          "title": "\"$gpfsMetrics_fs2\" by File System name: \"$byFsName\"",
          "tooltip": {
            "msResolution": false,
            "shared": true,
            "value_type": "cumulative"
          },
          "type": "graph",
          "xaxis": {
            "show": true
          },
          "yaxes": [
            {
              "format": "short",
              "label": null,
              "logBase": 1,
              "max": null,
              "min": null,
              "show": true
            },
            {
              "format": "short",
              "label": null,
              "logBase": 1,
              "max": null,
              "min": null,
              "show": true
            }
          ]
        },
        {
          "aliasColors": {},
          "bars": false,
          "datasource": null,
          "editable": true,
          "error": false,
          "fill": 1,
          "grid": {
            "threshold1": 2000,
            "threshold1Color": "rgba(216, 200, 27, 0.95)",
            "threshold2": 6000,
            "threshold2Color": "rgba(157, 4, 4, 0.96)",
            "thresholdLine": true
          },
          "id": 3,
          "isNew": true,
          "legend": {
            "avg": false,
            "current": false,
            "max": false,
            "min": false,
            "show": true,
            "total": false,
            "values": false
          },
          "lines": true,
          "linewidth": 2,
          "links": [],
          "nullPointMode": "connected",
          "percentage": false,
          "pointradius": 5,
          "points": false,
          "renderer": "flot",
          "seriesOverrides": [
            {}
          ],
          "span": 3,
          "stack": false,
          "steppedLine": false,
          "targets": [
            {
              "aggregator": "sum",
              "alias": "",
              "currentFilterGroupBy": false,
              "currentFilterKey": "",
              "currentFilterType": "literal_or",
              "currentFilterValue": "",
              "downsampleAggregator": "noop",
              "downsampleFillPolicy": "none",
              "filters": [
                {
                  "filter": "$byNode",
                  "groupBy": true,
                  "tagk": "node",
                  "type": "iliteral_or"
                }
              ],
              "metric": "$gpfsMetrics_fs1",
              "refId": "B"
            }
          ],
          "timeFrom": null,
          "timeShift": null,
          "title": "\"$gpfsMetrics_fs1\" by Node: \"$byNode\"",
          "tooltip": {
            "msResolution": false,
            "shared": true,
            "value_type": "cumulative"
          },
          "type": "graph",
          "xaxis": {
            "show": true
          },
          "yaxes": [
            {
              "format": "ops",
              "label": null,
              "logBase": 1,
              "max": null,
              "min": null,
              "show": true
            },
            {
              "format": "short",
              "label": null,
              "logBase": 1,
              "max": null,
              "min": null,
              "show": true
            }
          ]
        },
        {
          "aliasColors": {},
          "bars": false,
          "datasource": null,
          "editable": true,
          "error": false,
          "fill": 1,
          "grid": {
            "threshold1": null,
            "threshold1Color": "rgba(216, 200, 27, 0.27)",
            "threshold2": null,
            "threshold2Color": "rgba(234, 112, 112, 0.22)"
          },
          "id": 8,
          "isNew": true,
          "legend": {
            "avg": false,
            "current": false,
            "max": false,
            "min": false,
            "show": true,
            "total": false,
            "values": false
          },
          "lines": true,
          "linewidth": 2,
          "links": [],
          "nullPointMode": "connected",
          "percentage": false,
          "pointradius": 5,
          "points": false,
          "renderer": "flot",
          "seriesOverrides": [
            {}
          ],
          "span": 3,
          "stack": false,
          "steppedLine": false,
          "targets": [
            {
              "aggregator": "sum",
              "alias": "",
              "currentFilterGroupBy": false,
              "currentFilterKey": "",
              "currentFilterType": "literal_or",
              "currentFilterValue": "",
              "downsampleAggregator": "avg",
              "downsampleFillPolicy": "none",
              "filters": [
                {
                  "filter": "$byNode",
                  "groupBy": true,
                  "tagk": "node",
                  "type": "iliteral_or"
                }
              ],
              "metric": "$gpfsMetrics_fs2",
              "refId": "B"
            }
          ],
          "timeFrom": null,
          "timeShift": null,
          "title": "\"$gpfsMetrics_fs2\" by Node: \"$byNode\"",
          "tooltip": {
            "msResolution": false,
            "shared": true,
            "value_type": "cumulative"
          },
          "type": "graph",
          "xaxis": {
            "show": true
          },
          "yaxes": [
            {
              "format": "short",
              "label": null,
              "logBase": 1,
              "max": null,
              "min": null,
              "show": true
            },
            {
              "format": "short",
              "label": null,
              "logBase": 1,
              "max": null,
              "min": null,
              "show": true
            }
          ]
        },
        {
          "aliasColors": {},
          "bars": false,
          "datasource": null,
          "editable": true,
          "error": false,
          "fill": 1,
          "grid": {
            "threshold1": null,
            "threshold1Color": "rgba(216, 200, 27, 0.27)",
            "threshold2": null,
            "threshold2Color": "rgba(234, 112, 112, 0.22)"
          },
          "id": 4,
          "isNew": true,
          "legend": {
            "avg": false,
            "current": false,
            "max": false,
            "min": false,
            "show": true,
            "total": false,
            "values": false
          },
          "lines": true,
          "linewidth": 2,
          "links": [],
          "nullPointMode": "connected",
          "percentage": false,
          "pointradius": 5,
          "points": false,
          "renderer": "flot",
          "seriesOverrides": [],
          "span": 3,
          "stack": false,
          "steppedLine": false,
          "targets": [
            {
              "aggregator": "sum",
              "currentFilterGroupBy": false,
              "currentFilterKey": "",
              "currentFilterType": "literal_or",
              "currentFilterValue": "",
              "downsampleAggregator": "noop",
              "downsampleFillPolicy": "none",
              "filters": [
                {
                  "filter": "$byFsName",
                  "groupBy": true,
                  "tagk": "gpfs_fs_name",
                  "type": "pm_filter"
                }
              ],
              "metric": "$gpfsMetrics_fs1",
              "refId": "A"
            }
          ],
          "timeFrom": null,
          "timeShift": null,
          "title": "\"$gpfsMetrics_fs1\" by File System name: \"$byFsName\"",
          "tooltip": {
            "msResolution": false,
            "shared": true,
            "value_type": "cumulative"
          },
          "type": "graph",
          "xaxis": {
            "show": true
          },
          "yaxes": [
            {
              "format": "short",
              "label": null,
              "logBase": 1,
              "max": null,
              "min": null,
              "show": true
            },
            {
              "format": "short",
              "label": null,
              "logBase": 1,
              "max": null,
              "min": null,
              "show": true
            }
          ]
        }
      ],
      "title": "New row"
    }
  ],
  "time": {
    "from": "now/M",
    "to": "now/M"
  },
  "timepicker": {
    "refresh_intervals": [
      "5s",
      "10s",
      "30s",
      "1m",
      "5m",
      "15m",
      "30m",
      "1h",
      "2h",
      "1d"
    ],
    "time_options": [
      "5m",
      "15m",
      "1h",
      "6h",
      "12h",
      "24h",
      "2d",
      "7d",
      "30d"
    ]
  },
  "templating": {
    "list": [
      {
        "current": {
          "text": "gpfs_fs_bytes_read",
          "value": "gpfs_fs_bytes_read"
        },
        "datasource": null,
        "hide": 0,
        "includeAll": false,
        "label": "metric1",
        "multi": false,
        "name": "gpfsMetrics_fs1",
        "options": [
          {
            "text": "gpfs_fs_bytes_read",
            "value": "gpfs_fs_bytes_read",
            "selected": true
          },
          {
            "text": "gpfs_fs_bytes_written",
            "value": "gpfs_fs_bytes_written",
            "selected": false
          },
          {
            "text": "gpfs_fs_disks",
            "value": "gpfs_fs_disks",
            "selected": false
          },
          {
            "text": "gpfs_fs_max_disk_wait_rd",
            "value": "gpfs_fs_max_disk_wait_rd",
            "selected": false
          },
          {
            "text": "gpfs_fs_max_disk_wait_wr",
            "value": "gpfs_fs_max_disk_wait_wr",
            "selected": false
          },
          {
            "text": "gpfs_fs_max_queue_wait_rd",
            "value": "gpfs_fs_max_queue_wait_rd",
            "selected": false
          },
          {
            "text": "gpfs_fs_max_queue_wait_wr",
            "value": "gpfs_fs_max_queue_wait_wr",
            "selected": false
          },
          {
            "text": "gpfs_fs_min_disk_wait_rd",
            "value": "gpfs_fs_min_disk_wait_rd",
            "selected": false
          },
          {
            "text": "gpfs_fs_min_disk_wait_wr",
            "value": "gpfs_fs_min_disk_wait_wr",
            "selected": false
          },
          {
            "text": "gpfs_fs_min_queue_wait_rd",
            "value": "gpfs_fs_min_queue_wait_rd",
            "selected": false
          },
          {
            "text": "gpfs_fs_min_queue_wait_wr",
            "value": "gpfs_fs_min_queue_wait_wr",
            "selected": false
          },
          {
            "text": "gpfs_fs_tot_disk_wait_rd",
            "value": "gpfs_fs_tot_disk_wait_rd",
            "selected": false
          },
          {
            "text": "gpfs_fs_tot_disk_wait_wr",
            "value": "gpfs_fs_tot_disk_wait_wr",
            "selected": false
          },
          {
            "text": "gpfs_fs_tot_queue_wait_rd",
            "value": "gpfs_fs_tot_queue_wait_rd",
            "selected": false
          },
          {
            "text": "gpfs_fs_tot_queue_wait_wr",
            "value": "gpfs_fs_tot_queue_wait_wr",
            "selected": false
          },
          {
            "text": "gpfs_fs_write_ops",
            "value": "gpfs_fs_write_ops",
            "selected": false
          }
        ],
        "query": "metrics(gpfs_fs_.*)",
        "refresh": 1,
        "regex": "/.*[^gpfs_fs_inode_used|gpfs_fs_inode_alloc|gpfs_fs_inode_free|gpfs_fs_inode_max]/",
        "type": "query"
      },
      {
        "current": {
          "text": "gpfs_fs_bytes_written",
          "value": "gpfs_fs_bytes_written"
        },
        "datasource": null,
        "hide": 0,
        "includeAll": false,
        "label": "metric2",
        "multi": false,
        "name": "gpfsMetrics_fs2",
        "options": [
          {
            "text": "gpfs_fs_bytes_read",
            "value": "gpfs_fs_bytes_read",
            "selected": false
          },
          {
            "text": "gpfs_fs_bytes_written",
            "value": "gpfs_fs_bytes_written",
            "selected": true
          },
          {
            "text": "gpfs_fs_disks",
            "value": "gpfs_fs_disks",
            "selected": false
          },
          {
            "text": "gpfs_fs_inode_alloc",
            "value": "gpfs_fs_inode_alloc",
            "selected": false
          },
          {
            "text": "gpfs_fs_inode_free",
            "value": "gpfs_fs_inode_free",
            "selected": false
          },
          {
            "text": "gpfs_fs_inode_max",
            "value": "gpfs_fs_inode_max",
            "selected": false
          },
          {
            "text": "gpfs_fs_inode_used",
            "value": "gpfs_fs_inode_used",
            "selected": false
          },
          {
            "text": "gpfs_fs_max_disk_wait_rd",
            "value": "gpfs_fs_max_disk_wait_rd",
            "selected": false
          },
          {
            "text": "gpfs_fs_max_disk_wait_wr",
            "value": "gpfs_fs_max_disk_wait_wr",
            "selected": false
          },
          {
            "text": "gpfs_fs_max_queue_wait_rd",
            "value": "gpfs_fs_max_queue_wait_rd",
            "selected": false
          },
          {
            "text": "gpfs_fs_max_queue_wait_wr",
            "value": "gpfs_fs_max_queue_wait_wr",
            "selected": false
          },
          {
            "text": "gpfs_fs_min_disk_wait_rd",
            "value": "gpfs_fs_min_disk_wait_rd",
            "selected": false
          },
          {
            "text": "gpfs_fs_min_disk_wait_wr",
            "value": "gpfs_fs_min_disk_wait_wr",
            "selected": false
          },
          {
            "text": "gpfs_fs_min_queue_wait_rd",
            "value": "gpfs_fs_min_queue_wait_rd",
            "selected": false
          },
          {
            "text": "gpfs_fs_min_queue_wait_wr",
            "value": "gpfs_fs_min_queue_wait_wr",
            "selected": false
          },
          {
            "text": "gpfs_fs_read_ops",
            "value": "gpfs_fs_read_ops",
            "selected": false
          },
          {
            "text": "gpfs_fs_tot_disk_wait_rd",
            "value": "gpfs_fs_tot_disk_wait_rd",
            "selected": false
          },
          {
            "text": "gpfs_fs_tot_disk_wait_wr",
            "value": "gpfs_fs_tot_disk_wait_wr",
            "selected": false
          },
          {
            "text": "gpfs_fs_tot_queue_wait_rd",
            "value": "gpfs_fs_tot_queue_wait_rd",
            "selected": false
          },
          {
            "text": "gpfs_fs_tot_queue_wait_wr",
            "value": "gpfs_fs_tot_queue_wait_wr",
            "selected": false
          },
          {
            "text": "gpfs_fs_write_ops",
            "value": "gpfs_fs_write_ops",
            "selected": false
          }
        ],
        "query": "metrics(gpfs_fs_.*)",
        "refresh": 1,
        "regex": "",
        "type": "query"
      },
      {
        "current": {
          "text": "fs1",
          "value": "fs1"
        },
        "datasource": null,
        "hide": 0,
        "includeAll": false,
        "multi": false,
        "name": "byFsName",
        "options": [
          {
            "text": "fs1",
            "value": "fs1",
            "selected": true
          },
          {
            "text": "fs2",
            "value": "fs2",
            "selected": false
          },
          {
            "text": "gpfs0",
            "value": "gpfs0",
            "selected": false
          }
        ],
        "query": "tag_values($gpfsMetrics_fs1, gpfs_fs_name)",
        "refresh": 1,
        "regex": "",
        "type": "query"
      },
      {
        "current": {
          "text": "gpfsgui-11.novalocal",
          "value": "gpfsgui-11.novalocal"
        },
        "datasource": null,
        "hide": 0,
        "includeAll": false,
        "multi": false,
        "name": "byNode",
        "options": [
          {
            "text": "gpfsgui-11.novalocal",
            "value": "gpfsgui-11.novalocal",
            "selected": true
          },
          {
            "text": "gpfsgui-12.novalocal",
            "value": "gpfsgui-12.novalocal",
            "selected": false
          },
          {
            "text": "gpfsgui-13.novalocal",
            "value": "gpfsgui-13.novalocal",
            "selected": false
          },
          {
            "text": "gpfsgui-14.novalocal",
            "value": "gpfsgui-14.novalocal",
            "selected": false
          }
        ],
        "query": "tag_values( $gpfsMetrics_fs1, node)",
        "refresh": 1,
        "regex": "",
        "type": "query",
        "useTags": false
      },
      {
        "current": {
          "text": "gpfs_fs_name",
          "value": "gpfs_fs_name"
        },
        "datasource": null,
        "hide": 2,
        "includeAll": false,
        "label": "filterBy",
        "multi": false,
        "name": "filterBy",
        "options": [
          {
            "selected": false,
            "text": "gpfs_cluster_name",
            "value": "gpfs_cluster_name"
          },
          {
            "selected": true,
            "text": "gpfs_fs_name",
            "value": "gpfs_fs_name"
          },
          {
            "selected": false,
            "text": "node",
            "value": "node"
          }
        ],
        "query": "tag_names($gpfsMetrics)",
        "refresh": 0,
        "regex": "",
        "tagValuesQuery": "apps.",
        "tagsQuery": "tag_names($gpfsMetrics)",
        "type": "query",
        "useTags": false
      },
      {
        "current": {
          "text": "fs1",
          "value": "fs1"
        },
        "datasource": null,
        "hide": 2,
        "includeAll": false,
        "label": "values",
        "multi": false,
        "name": "values",
        "options": [
          {
            "selected": true,
            "text": "fs1",
            "value": "fs1"
          },
          {
            "selected": false,
            "text": "gpfs0",
            "value": "gpfs0"
          }
        ],
        "query": "tag_values($gpfsMetrics, $filterBy)",
        "refresh": 0,
        "regex": "",
        "type": "query"
      }
    ]
  },
  "annotations": {
    "list": []
  },
  "schemaVersion": 12,
  "version": 79,
  "links": [
    {
      "asDropdown": false,
      "icon": "external link",
      "tags": [
        "main"
      ],
      "type": "dashboards"
    }
  ]
}