{
  "id": 4,
  "title": "Main Dashbord",
  "originalTitle": "Main Dashbord",
  "tags": [
    "main"
  ],
  "style": "dark",
  "timezone": "browser",
  "editable": true,
  "hideControls": false,
  "sharedCrosshair": false,
  "rows": [
    {
      "collapse": false,
      "editable": true,
      "height": "250px",
      "panels": [
        {
          "editable": true,
          "error": false,
          "headings": false,
          "id": 1,
          "isNew": true,
          "limit": 10,
          "links": [],
          "query": "",
          "recent": false,
          "search": true,
          "span": 6,
          "starred": false,
          "tags": [
            "default",
            "node"
          ],
          "title": "NODE VIEW Dashboards list",
          "type": "dashlist"
        },
        {
          "editable": true,
          "error": false,
          "headings": false,
          "id": 3,
          "isNew": true,
          "limit": 10,
          "links": [],
          "query": "",
          "recent": false,
          "search": true,
          "span": 6,
          "starred": false,
          "tags": [
            "default",
            "capacity"
          ],
          "title": "CAPACITY VIEW Dashboards list",
          "type": "dashlist"
        }
      ],
      "showTitle": true,
      "title": "DASHBOARD List"
    },
    {
      "collapse": false,
      "editable": true,
      "height": "250px",
      "panels": [
        {
          "aliasColors": {},
          "bars": false,
          "datasource": null,
          "editable": true,
          "error": false,
          "fill": 1,
          "grid": {
            "threshold1": null,
            "threshold1Color": "rgba(216, 200, 27, 0.27)",
            "threshold2": null,
            "threshold2Color": "rgba(234, 112, 112, 0.22)"
          },
          "id": 4,
          "isNew": true,
          "legend": {
            "avg": false,
            "current": false,
            "max": false,
            "min": false,
            "show": true,
            "total": false,
            "values": false
          },
          "lines": true,
          "linewidth": 2,
          "links": [],
          "nullPointMode": "connected",
          "percentage": false,
          "pointradius": 5,
          "points": false,
          "renderer": "flot",
          "seriesOverrides": [],
          "span": 4,
          "stack": true,
          "steppedLine": false,
          "targets": [
            {
              "aggregator": "avg",
              "downsampleAggregator": "avg",
              "downsampleFillPolicy": "none",
              "metric": "cpu_system",
              "refId": "A"
            },
            {
              "aggregator": "avg",
              "downsampleAggregator": "avg",
              "downsampleFillPolicy": "none",
              "metric": "cpu_user",
              "refId": "B"
            }
          ],
          "timeFrom": null,
          "timeShift": null,
          "title": "CPU usage",
          "tooltip": {
            "msResolution": false,
            "shared": true,
            "value_type": "cumulative"
          },
          "type": "graph",
          "xaxis": {
            "show": true
          },
          "yaxes": [
            {
              "format": "percent",
              "label": null,
              "logBase": 1,
              "max": null,
              "min": null,
              "show": true
            },
            {
              "format": "short",
              "label": null,
              "logBase": 1,
              "max": null,
              "min": null,
              "show": false
            }
          ]
        },
        {
          "aliasColors": {},
          "bars": false,
          "datasource": null,
          "editable": true,
          "error": false,
          "fill": 1,
          "grid": {
            "threshold1": null,
            "threshold1Color": "rgba(216, 200, 27, 0.27)",
            "threshold2": null,
            "threshold2Color": "rgba(234, 112, 112, 0.22)"
          },
          "id": 5,
          "isNew": true,
          "legend": {
            "avg": false,
            "current": false,
            "max": false,
            "min": false,
            "show": true,
            "total": false,
            "values": false
          },
          "lines": true,
          "linewidth": 2,
          "links": [],
          "nullPointMode": "connected",
          "percentage": false,
          "pointradius": 5,
          "points": false,
          "renderer": "flot",
          "seriesOverrides": [],
          "span": 4,
          "stack": false,
          "steppedLine": false,
          "targets": [
            {
              "aggregator": "avg",
              "downsampleAggregator": "avg",
              "downsampleFillPolicy": "none",
              "metric": "mem_memtotal",
              "refId": "A"
            },
            {
              "aggregator": "avg",
              "downsampleAggregator": "avg",
              "downsampleFillPolicy": "none",
              "metric": "mem_memfree",
              "refId": "B"
            },
            {
              "aggregator": "avg",
              "downsampleAggregator": "avg",
              "downsampleFillPolicy": "none",
              "metric": "mem_buffers",
              "refId": "C"
            },
            {
              "aggregator": "avg",
              "downsampleAggregator": "avg",
              "downsampleFillPolicy": "none",
              "metric": "mem_cached",
              "refId": "D"
            }
          ],
          "timeFrom": null,
          "timeShift": null,
          "title": "Memory usage",
          "tooltip": {
            "msResolution": false,
            "shared": true,
            "value_type": "cumulative"
          },
          "type": "graph",
          "xaxis": {
            "show": true
          },
          "yaxes": [
            {
              "format": "kbytes",
              "label": "",
              "logBase": 1,
              "max": null,
              "min": null,
              "show": true
            },
            {
              "format": "short",
              "label": null,
              "logBase": 1,
              "max": null,
              "min": null,
              "show": false
            }
          ]
        },
        {
          "aliasColors": {},
          "bars": true,
          "datasource": null,
          "editable": true,
          "error": false,
          "fill": 1,
          "grid": {
            "threshold1": null,
            "threshold1Color": "rgba(216, 200, 27, 0.27)",
            "threshold2": null,
            "threshold2Color": "rgba(234, 112, 112, 0.22)"
          },
          "id": 6,
          "isNew": true,
          "legend": {
            "avg": false,
            "current": false,
            "max": false,
            "min": false,
            "show": true,
            "total": false,
            "values": false
          },
          "lines": false,
          "linewidth": 2,
          "links": [],
          "nullPointMode": "connected",
          "percentage": false,
          "pointradius": 5,
          "points": false,
          "renderer": "flot",
          "seriesOverrides": [],
          "span": 4,
          "stack": true,
          "steppedLine": false,
          "targets": [
            {
              "aggregator": "sum",
              "downsampleAggregator": "sum",
              "downsampleFillPolicy": "none",
              "downsampleInterval": "5m",
              "metric": "netdev_bytes_r",
              "refId": "A"
            },
            {
              "aggregator": "sum",
              "downsampleAggregator": "sum",
              "downsampleFillPolicy": "none",
              "downsampleInterval": "5m",
              "metric": "netdev_bytes_s",
              "refId": "B"
            }
          ],
          "timeFrom": null,
          "timeShift": null,
          "title": "NETWORK",
          "tooltip": {
            "msResolution": false,
            "shared": true,
            "value_type": "cumulative"
          },
          "type": "graph",
          "xaxis": {
            "show": true
          },
          "yaxes": [
            {
              "format": "bytes",
              "label": "",
              "logBase": 1,
              "max": null,
              "min": null,
              "show": true
            },
            {
              "format": "short",
              "label": null,
              "logBase": 1,
              "max": null,
              "min": null,
              "show": false
            }
          ]
        },
        {
          "aliasColors": {},
          "bars": false,
          "datasource": null,
          "editable": true,
          "error": false,
          "fill": 1,
          "grid": {
            "threshold1": null,
            "threshold1Color": "rgba(216, 200, 27, 0.27)",
            "threshold2": null,
            "threshold2Color": "rgba(234, 112, 112, 0.22)"
          },
          "id": 7,
          "isNew": true,
          "legend": {
            "avg": false,
            "current": false,
            "max": false,
            "min": false,
            "show": true,
            "total": false,
            "values": false
          },
          "lines": true,
          "linewidth": 2,
          "links": [],
          "nullPointMode": "connected",
          "percentage": false,
          "pointradius": 5,
          "points": false,
          "renderer": "flot",
          "seriesOverrides": [],
          "span": 6,
          "stack": false,
          "steppedLine": false,
          "targets": [
            {
              "aggregator": "avg",
              "downsampleAggregator": "avg",
              "downsampleFillPolicy": "none",
              "metric": "gpfs_nsdds_read_ops",
              "refId": "C"
            },
            {
              "aggregator": "avg",
              "downsampleAggregator": "avg",
              "downsampleFillPolicy": "none",
              "metric": "gpfs_nsdds_write_ops",
              "refId": "D"
            }
          ],
          "timeFrom": null,
          "timeShift": null,
          "title": "NSD Server Nodes",
          "tooltip": {
            "msResolution": false,
            "shared": true,
            "value_type": "cumulative"
          },
          "type": "graph",
          "xaxis": {
            "show": true
          },
          "yaxes": [
            {
              "format": "ops",
              "label": null,
              "logBase": 1,
              "max": null,
              "min": null,
              "show": true
            },
            {
              "format": "short",
              "label": null,
              "logBase": 1,
              "max": null,
              "min": null,
              "show": false
            }
          ]
        },
        {
          "aliasColors": {},
          "bars": false,
          "datasource": null,
          "editable": true,
          "error": false,
          "fill": 1,
          "grid": {
            "threshold1": null,
            "threshold1Color": "rgba(216, 200, 27, 0.27)",
            "threshold2": null,
            "threshold2Color": "rgba(234, 112, 112, 0.22)"
          },
          "id": 8,
          "isNew": true,
          "legend": {
            "avg": false,
            "current": false,
            "max": false,
            "min": false,
            "show": true,
            "total": false,
            "values": false
          },
          "lines": true,
          "linewidth": 2,
          "links": [],
          "nullPointMode": "connected",
          "percentage": false,
          "pointradius": 5,
          "points": false,
          "renderer": "flot",
          "seriesOverrides": [],
          "span": 6,
          "stack": false,
          "steppedLine": false,
          "targets": [
            {
              "aggregator": "avg",
              "downsampleAggregator": "avg",
              "downsampleFillPolicy": "none",
              "metric": "gpfs_fs_read_ops",
              "refId": "C"
            },
            {
              "aggregator": "avg",
              "downsampleAggregator": "avg",
              "downsampleFillPolicy": "none",
              "metric": "gpfs_fs_write_ops",
              "refId": "D"
            }
          ],
          "timeFrom": null,
          "timeShift": null,
          "title": "Protocol Nodes",
          "tooltip": {
            "msResolution": false,
            "shared": true,
            "value_type": "cumulative"
          },
          "type": "graph",
          "xaxis": {
            "show": true
          },
          "yaxes": [
            {
              "format": "ops",
              "label": null,
              "logBase": 1,
              "max": null,
              "min": null,
              "show": true
            },
            {
              "format": "short",
              "label": null,
              "logBase": 1,
              "max": null,
              "min": null,
              "show": false
            }
          ]
        }
      ],
      "title": "New row"
    },
    {
      "collapse": false,
      "editable": true,
      "height": "250px",
      "panels": [],
      "title": "New row"
    }
  ],
  "time": {
    "from": "now/w",
    "to": "now"
  },
  "timepicker": {
    "refresh_intervals": [
      "5s",
      "10s",
      "30s",
      "1m",
      "5m",
      "15m",
      "30m",
      "1h",
      "2h",
      "1d"
    ],
    "time_options": [
      "5m",
      "15m",
      "1h",
      "6h",
      "12h",
      "24h",
      "2d",
      "7d",
      "30d"
    ]
  },
  "templating": {
    "list": []
  },
  "annotations": {
    "list": []
  },
  "refresh": "15m",
  "schemaVersion": 12,
  "version": 20,
  "links": []
}