{
  "id": 7,
  "title": "Pool Capacity View",
  "originalTitle": "Pool Capacity View",
  "tags": [
    "default",
    "capacity"
  ],
  "style": "dark",
  "timezone": "browser",
  "editable": true,
  "hideControls": false,
  "sharedCrosshair": false,
  "rows": [
    {
      "collapse": false,
      "editable": true,
      "height": "250px",
      "panels": [
        {
          "content": "\nOn this dashboard you can monitor the free capacity of the pools and disks.  You can also select pool, disk or filesystem and observe the capacity values for this entity. Or you can watch the performance data for  selected disk/pool in combination of one particular disk capacity metric ( \"metric1\") or pool capacity metric (\"metric2\").\n\n",
          "editable": true,
          "error": false,
          "height": "40px",
          "id": 2,
          "isNew": true,
          "links": [
            {
              "type": "dashboard"
            }
          ],
          "minSpan": 4,
          "mode": "text",
          "repeat": null,
          "scopedVars": {},
          "span": 12,
          "style": {
            "font-size": "52pt"
          },
          "title": "",
          "type": "text"
        },
        {
          "aliasColors": {
            "\"pool: data on filesystem: gpfs0\"": "#962D82",
            "\"pool: system on filesystem: fs1\"": "#511749",
            "\"pool: system on filesystem: gpfs0\"": "#447EBC"
          },
          "bars": false,
          "datasource": null,
          "editable": true,
          "error": false,
          "fill": 1,
          "grid": {
            "threshold1": 500000,
            "threshold1Color": "rgba(186, 104, 6, 0.95)",
            "threshold2": 100000,
            "threshold2Color": "rgba(226, 0, 0, 0.95)",
            "thresholdLine": false
          },
          "height": "500px",
          "id": 3,
          "isNew": true,
          "legend": {
            "avg": false,
            "current": false,
            "max": false,
            "min": false,
            "show": true,
            "total": false,
            "values": false
          },
          "lines": true,
          "linewidth": 2,
          "links": [],
          "nullPointMode": "connected",
          "percentage": false,
          "pointradius": 5,
          "points": false,
          "renderer": "flot",
          "seriesOverrides": [
            {}
          ],
          "span": 6,
          "stack": false,
          "steppedLine": false,
          "targets": [
            {
              "aggregator": "sum",
              "alias": "\"pool: [[tag_gpfs_diskpool_name]] on filesystem: [[tag_gpfs_fs_name]]\"",
              "currentFilterGroupBy": false,
              "currentFilterKey": "",
              "currentFilterType": "literal_or",
              "currentFilterValue": "",
              "downsampleAggregator": "noop",
              "downsampleFillPolicy": "none",
              "downsampleInterval": "12h",
              "filters": [
                {
                  "filter": "",
                  "groupBy": true,
                  "tagk": "gpfs_fs_name",
                  "type": "pm_filter"
                },
                {
                  "filter": "",
                  "groupBy": true,
                  "tagk": "gpfs_diskpool_name",
                  "type": "pm_filter"
                }
              ],
              "metric": "gpfs_pool_free_fullkb",
              "refId": "B"
            }
          ],
          "timeFrom": null,
          "timeShift": null,
          "title": "POOLS Free",
          "tooltip": {
            "msResolution": false,
            "shared": false,
            "value_type": "cumulative"
          },
          "type": "graph",
          "xaxis": {
            "show": true
          },
          "yaxes": [
            {
              "format": "kbytes",
              "label": "",
              "logBase": 1,
              "max": null,
              "min": null,
              "show": true
            },
            {
              "format": "short",
              "label": null,
              "logBase": 1,
              "max": null,
              "min": null,
              "show": true
            }
          ]
        },
        {
          "aliasColors": {
            "\"pool: data on filesystem: gpfs0\"": "#962D82",
            "\"pool: system on filesystem: fs1\"": "#511749",
            "\"pool: system on filesystem: gpfs0\"": "#447EBC"
          },
          "bars": false,
          "datasource": null,
          "editable": true,
          "error": false,
          "fill": 1,
          "grid": {
            "threshold1": 500000,
            "threshold1Color": "rgba(186, 104, 6, 0.95)",
            "threshold2": 100000,
            "threshold2Color": "rgba(226, 0, 0, 0.95)",
            "thresholdLine": false
          },
          "height": "500px",
          "id": 14,
          "isNew": true,
          "legend": {
            "avg": false,
            "current": false,
            "max": false,
            "min": false,
            "show": true,
            "total": false,
            "values": false
          },
          "lines": true,
          "linewidth": 2,
          "links": [],
          "nullPointMode": "connected",
          "percentage": false,
          "pointradius": 5,
          "points": false,
          "renderer": "flot",
          "seriesOverrides": [
            {}
          ],
          "span": 6,
          "stack": false,
          "steppedLine": false,
          "targets": [
            {
              "aggregator": "sum",
              "alias": "\"disk: [[tag_gpfs_disk_name]] in pool: [[tag_gpfs_diskpool_name]]([[tag_gpfs_fs_name]])\"",
              "currentFilterGroupBy": false,
              "currentFilterKey": "",
              "currentFilterType": "literal_or",
              "currentFilterValue": "",
              "downsampleAggregator": "noop",
              "downsampleFillPolicy": "none",
              "downsampleInterval": "12h",
              "filters": [
                {
                  "filter": "",
                  "groupBy": true,
                  "tagk": "gpfs_disk_name",
                  "type": "pm_filter"
                },
                {
                  "filter": "",
                  "groupBy": true,
                  "tagk": "gpfs_diskpool_name",
                  "type": "pm_filter"
                },
                {
                  "filter": "",
                  "groupBy": true,
                  "tagk": "gpfs_fs_name",
                  "type": "pm_filter"
                }
              ],
              "metric": "gpfs_disk_free_fullkb",
              "refId": "B"
            }
          ],
          "timeFrom": null,
          "timeShift": null,
          "title": "DISKS Free",
          "tooltip": {
            "msResolution": false,
            "shared": false,
            "value_type": "cumulative"
          },
          "type": "graph",
          "xaxis": {
            "show": true
          },
          "yaxes": [
            {
              "format": "kbytes",
              "label": "",
              "logBase": 1,
              "max": null,
              "min": null,
              "show": true
            },
            {
              "format": "short",
              "label": null,
              "logBase": 1,
              "max": null,
              "min": null,
              "show": true
            }
          ]
        },
        {
          "aliasColors": {},
          "bars": false,
          "datasource": null,
          "editable": true,
          "error": false,
          "fill": 1,
          "grid": {
            "threshold1": null,
            "threshold1Color": "rgba(216, 200, 27, 0.27)",
            "threshold2": null,
            "threshold2Color": "rgba(234, 112, 112, 0.22)"
          },
          "id": 15,
          "isNew": true,
          "legend": {
            "avg": false,
            "current": false,
            "max": false,
            "min": false,
            "show": true,
            "total": false,
            "values": false
          },
          "lines": true,
          "linewidth": 2,
          "links": [],
          "minSpan": 2,
          "nullPointMode": "connected",
          "percentage": false,
          "pointradius": 5,
          "points": false,
          "renderer": "flot",
          "seriesOverrides": [
            {}
          ],
          "span": 4,
          "stack": false,
          "steppedLine": false,
          "targets": [
            {
              "aggregator": "avg",
              "alias": "",
              "currentFilterGroupBy": false,
              "currentFilterKey": "",
              "currentFilterType": "literal_or",
              "currentFilterValue": "",
              "downsampleAggregator": "avg",
              "downsampleFillPolicy": "none",
              "filters": [
                {
                  "filter": "$byFsName",
                  "groupBy": true,
                  "tagk": "gpfs_fs_name",
                  "type": "pm_filter"
                }
              ],
              "metric": "gpfs_pool_disksize",
              "refId": "B"
            },
            {
              "aggregator": "avg",
              "alias": "",
              "currentFilterGroupBy": false,
              "currentFilterKey": "",
              "currentFilterType": "literal_or",
              "currentFilterValue": "",
              "downsampleAggregator": "avg",
              "downsampleFillPolicy": "none",
              "filters": [
                {
                  "filter": "$byFsName",
                  "groupBy": true,
                  "tagk": "gpfs_fs_name",
                  "type": "pm_filter"
                }
              ],
              "metric": "gpfs_pool_free_fragkb",
              "refId": "A"
            },
            {
              "aggregator": "avg",
              "alias": "",
              "currentFilterGroupBy": false,
              "currentFilterKey": "",
              "currentFilterType": "literal_or",
              "currentFilterValue": "",
              "downsampleAggregator": "avg",
              "downsampleFillPolicy": "none",
              "filters": [
                {
                  "filter": "$byFsName",
                  "groupBy": true,
                  "tagk": "gpfs_fs_name",
                  "type": "pm_filter"
                }
              ],
              "metric": "gpfs_pool_free_fullkb",
              "refId": "C"
            }
          ],
          "timeFrom": null,
          "timeShift": null,
          "title": "byFILESYSTEM \"$byFsName\"",
          "tooltip": {
            "msResolution": false,
            "shared": true,
            "value_type": "cumulative"
          },
          "type": "graph",
          "xaxis": {
            "show": true
          },
          "yaxes": [
            {
              "format": "kbytes",
              "label": null,
              "logBase": 1,
              "max": null,
              "min": null,
              "show": true
            },
            {
              "format": "short",
              "label": null,
              "logBase": 1,
              "max": null,
              "min": null,
              "show": true
            }
          ]
        },
        {
          "aliasColors": {},
          "bars": false,
          "datasource": null,
          "editable": true,
          "error": false,
          "fill": 1,
          "grid": {
            "threshold1": null,
            "threshold1Color": "rgba(216, 200, 27, 0.27)",
            "threshold2": null,
            "threshold2Color": "rgba(234, 112, 112, 0.22)"
          },
          "id": 8,
          "isNew": true,
          "legend": {
            "avg": false,
            "current": false,
            "max": false,
            "min": false,
            "show": true,
            "total": false,
            "values": false
          },
          "lines": true,
          "linewidth": 2,
          "links": [],
          "minSpan": 2,
          "nullPointMode": "connected",
          "percentage": false,
          "pointradius": 5,
          "points": false,
          "renderer": "flot",
          "seriesOverrides": [
            {}
          ],
          "span": 4,
          "stack": false,
          "steppedLine": false,
          "targets": [
            {
              "aggregator": "avg",
              "alias": "",
              "currentFilterGroupBy": false,
              "currentFilterKey": "",
              "currentFilterType": "literal_or",
              "currentFilterValue": "",
              "downsampleAggregator": "avg",
              "downsampleFillPolicy": "none",
              "filters": [
                {
                  "filter": "$byPoolName",
                  "groupBy": true,
                  "tagk": "gpfs_diskpool_name",
                  "type": "pm_filter"
                }
              ],
              "metric": "gpfs_pool_disksize",
              "refId": "B"
            },
            {
              "aggregator": "avg",
              "alias": "",
              "currentFilterGroupBy": false,
              "currentFilterKey": "",
              "currentFilterType": "literal_or",
              "currentFilterValue": "",
              "downsampleAggregator": "avg",
              "downsampleFillPolicy": "none",
              "filters": [
                {
                  "filter": "$byPoolName",
                  "groupBy": true,
                  "tagk": "gpfs_diskpool_name",
                  "type": "pm_filter"
                }
              ],
              "metric": "gpfs_pool_free_fragkb",
              "refId": "A"
            },
            {
              "aggregator": "avg",
              "alias": "",
              "currentFilterGroupBy": false,
              "currentFilterKey": "",
              "currentFilterType": "literal_or",
              "currentFilterValue": "",
              "downsampleAggregator": "avg",
              "downsampleFillPolicy": "none",
              "filters": [
                {
                  "filter": "$byPoolName",
                  "groupBy": true,
                  "tagk": "gpfs_diskpool_name",
                  "type": "pm_filter"
                }
              ],
              "metric": "gpfs_pool_free_fullkb",
              "refId": "C"
            }
          ],
          "timeFrom": null,
          "timeShift": null,
          "title": "byPOOL \"$byPoolName\"",
          "tooltip": {
            "msResolution": false,
            "shared": true,
            "value_type": "cumulative"
          },
          "type": "graph",
          "xaxis": {
            "show": true
          },
          "yaxes": [
            {
              "format": "kbytes",
              "label": null,
              "logBase": 1,
              "max": null,
              "min": null,
              "show": true
            },
            {
              "format": "short",
              "label": null,
              "logBase": 1,
              "max": null,
              "min": null,
              "show": true
            }
          ]
        },
        {
          "aliasColors": {},
          "bars": false,
          "datasource": null,
          "editable": true,
          "error": false,
          "fill": 1,
          "grid": {
            "threshold1": null,
            "threshold1Color": "rgba(216, 200, 27, 0.27)",
            "threshold2": null,
            "threshold2Color": "rgba(234, 112, 112, 0.22)"
          },
          "id": 12,
          "isNew": true,
          "legend": {
            "avg": false,
            "current": false,
            "max": false,
            "min": false,
            "show": true,
            "total": false,
            "values": false
          },
          "lines": true,
          "linewidth": 2,
          "links": [],
          "minSpan": 2,
          "nullPointMode": "connected",
          "percentage": false,
          "pointradius": 5,
          "points": false,
          "renderer": "flot",
          "seriesOverrides": [
            {}
          ],
          "span": 4,
          "stack": false,
          "steppedLine": false,
          "targets": [
            {
              "aggregator": "avg",
              "alias": "",
              "currentFilterGroupBy": false,
              "currentFilterKey": "",
              "currentFilterType": "literal_or",
              "currentFilterValue": "",
              "downsampleAggregator": "avg",
              "downsampleFillPolicy": "none",
              "downsampleInterval": "12h",
              "filters": [
                {
                  "filter": "$byDisk",
                  "groupBy": true,
                  "tagk": "gpfs_disk_name",
                  "type": "pm_filter"
                }
              ],
              "metric": "gpfs_disk_disksize",
              "refId": "B"
            },
            {
              "aggregator": "avg",
              "alias": "",
              "currentFilterGroupBy": false,
              "currentFilterKey": "",
              "currentFilterType": "literal_or",
              "currentFilterValue": "",
              "downsampleAggregator": "avg",
              "downsampleFillPolicy": "none",
              "downsampleInterval": "12h",
              "filters": [
                {
                  "filter": "$byDisk",
                  "groupBy": true,
                  "tagk": "gpfs_disk_name",
                  "type": "iliteral_or"
                }
              ],
              "metric": "gpfs_disk_free_fragkb",
              "refId": "A"
            },
            {
              "aggregator": "avg",
              "alias": "",
              "currentFilterGroupBy": false,
              "currentFilterKey": "",
              "currentFilterType": "literal_or",
              "currentFilterValue": "",
              "downsampleAggregator": "avg",
              "downsampleFillPolicy": "none",
              "downsampleInterval": "12h",
              "filters": [
                {
                  "filter": "$byDisk",
                  "groupBy": true,
                  "tagk": "gpfs_disk_name",
                  "type": "iliteral_or"
                }
              ],
              "metric": "gpfs_disk_free_fullkb",
              "refId": "C"
            }
          ],
          "timeFrom": null,
          "timeShift": null,
          "title": "byDISK\"$byDisk\"",
          "tooltip": {
            "msResolution": false,
            "shared": true,
            "value_type": "cumulative"
          },
          "type": "graph",
          "xaxis": {
            "show": true
          },
          "yaxes": [
            {
              "format": "kbytes",
              "label": null,
              "logBase": 1,
              "max": null,
              "min": null,
              "show": true
            },
            {
              "format": "short",
              "label": null,
              "logBase": 1,
              "max": null,
              "min": null,
              "show": true
            }
          ]
        },
        {
          "aliasColors": {},
          "bars": false,
          "datasource": null,
          "editable": true,
          "error": false,
          "fill": 1,
          "grid": {
            "threshold1": null,
            "threshold1Color": "rgba(216, 200, 27, 0.27)",
            "threshold2": null,
            "threshold2Color": "rgba(234, 112, 112, 0.22)"
          },
          "id": 13,
          "isNew": true,
          "legend": {
            "avg": false,
            "current": false,
            "max": false,
            "min": false,
            "show": true,
            "total": false,
            "values": false
          },
          "lines": true,
          "linewidth": 2,
          "links": [],
          "nullPointMode": "connected",
          "percentage": false,
          "pointradius": 5,
          "points": false,
          "renderer": "flot",
          "seriesOverrides": [],
          "span": 6,
          "stack": false,
          "steppedLine": false,
          "targets": [
            {
              "aggregator": "avg",
              "alias": "\"disk: [[tag_gpfs_disk_name]] in pool: [[tag_gpfs_diskpool_name]]([[tag_gpfs_fs_name]])\"",
              "currentFilterGroupBy": false,
              "currentFilterKey": "",
              "currentFilterType": "literal_or",
              "currentFilterValue": "",
              "downsampleAggregator": "noop",
              "downsampleFillPolicy": "none",
              "downsampleInterval": "",
              "filters": [
                {
                  "filter": "",
                  "groupBy": true,
                  "tagk": "gpfs_diskpool_name",
                  "type": "pm_filter"
                },
                {
                  "filter": "",
                  "groupBy": true,
                  "tagk": "gpfs_fs_name",
                  "type": "pm_filter"
                },
                {
                  "filter": "$byDisk",
                  "groupBy": false,
                  "tagk": "gpfs_disk_name",
                  "type": "pm_filter"
                }
              ],
              "metric": "$gpfsMetrics_disk_cap",
              "refId": "A"
            }
          ],
          "timeFrom": null,
          "timeShift": null,
          "title": "byMETRIC1 \"$gpfsMetrics_disk_cap\"",
          "tooltip": {
            "msResolution": false,
            "shared": true,
            "value_type": "cumulative"
          },
          "type": "graph",
          "xaxis": {
            "show": true
          },
          "yaxes": [
            {
              "format": "kbytes",
              "label": "GB",
              "logBase": 1,
              "max": null,
              "min": null,
              "show": true
            },
            {
              "format": "short",
              "label": null,
              "logBase": 1,
              "max": null,
              "min": null,
              "show": false
            }
          ]
        },
        {
          "aliasColors": {},
          "bars": false,
          "datasource": null,
          "editable": true,
          "error": false,
          "fill": 1,
          "grid": {
            "threshold1": null,
            "threshold1Color": "rgba(216, 200, 27, 0.27)",
            "threshold2": null,
            "threshold2Color": "rgba(234, 112, 112, 0.22)"
          },
          "id": 16,
          "isNew": true,
          "legend": {
            "avg": false,
            "current": false,
            "max": false,
            "min": false,
            "show": true,
            "total": false,
            "values": false
          },
          "lines": true,
          "linewidth": 2,
          "links": [],
          "nullPointMode": "connected",
          "percentage": false,
          "pointradius": 5,
          "points": false,
          "renderer": "flot",
          "seriesOverrides": [],
          "span": 6,
          "stack": false,
          "steppedLine": false,
          "targets": [
            {
              "aggregator": "avg",
              "alias": "\"pool: [[tag_gpfs_diskpool_name]] on filesystem: [[tag_gpfs_fs_name]]\"",
              "currentFilterGroupBy": false,
              "currentFilterKey": "",
              "currentFilterType": "literal_or",
              "currentFilterValue": "",
              "downsampleAggregator": "noop",
              "downsampleFillPolicy": "none",
              "downsampleInterval": "",
              "filters": [
                {
                  "filter": "",
                  "groupBy": true,
                  "tagk": "gpfs_fs_name",
                  "type": "pm_filter"
                },
                {
                  "filter": "$byPoolName",
                  "groupBy": true,
                  "tagk": "gpfs_diskpool_name",
                  "type": "pm_filter"
                }
              ],
              "metric": "$gpfsMetrics_pool_cap",
              "refId": "A"
            }
          ],
          "timeFrom": null,
          "timeShift": null,
          "title": "byMETRIC2 \"$gpfsMetrics_pool_cap\"",
          "tooltip": {
            "msResolution": false,
            "shared": true,
            "value_type": "cumulative"
          },
          "type": "graph",
          "xaxis": {
            "show": true
          },
          "yaxes": [
            {
              "format": "kbytes",
              "label": "GB",
              "logBase": 1,
              "max": null,
              "min": null,
              "show": true
            },
            {
              "format": "short",
              "label": null,
              "logBase": 1,
              "max": null,
              "min": null,
              "show": false
            }
          ]
        }
      ],
      "title": "New row"
    }
  ],
  "time": {
    "from": "now-7d",
    "to": "now"
  },
  "timepicker": {
    "refresh_intervals": [
      "5s",
      "10s",
      "30s",
      "1m",
      "5m",
      "15m",
      "30m",
      "1h",
      "2h",
      "1d"
    ],
    "time_options": [
      "5m",
      "15m",
      "1h",
      "6h",
      "12h",
      "24h",
      "2d",
      "7d",
      "30d"
    ]
  },
  "templating": {
    "list": [
      {
        "current": {
          "text": "gpfs_fs_name",
          "value": "gpfs_fs_name"
        },
        "datasource": null,
        "hide": 2,
        "includeAll": false,
        "label": "filterBy",
        "multi": false,
        "name": "filterBy",
        "options": [
          {
            "selected": false,
            "text": "gpfs_cluster_name",
            "value": "gpfs_cluster_name"
          },
          {
            "selected": false,
            "text": "gpfs_disk_name",
            "value": "gpfs_disk_name"
          },
          {
            "selected": false,
            "text": "gpfs_diskpool_name",
            "value": "gpfs_diskpool_name"
          },
          {
            "selected": true,
            "text": "gpfs_fs_name",
            "value": "gpfs_fs_name"
          }
        ],
        "query": "tag_names($gpfsMetrics)",
        "refresh": 0,
        "regex": "",
        "tagValuesQuery": "apps.",
        "tagsQuery": "tag_names($gpfsMetrics)",
        "type": "query",
        "useTags": false
      },
      {
        "current": {
          "text": "myPool",
          "value": "myPool"
        },
        "datasource": null,
        "hide": 0,
        "includeAll": false,
        "multi": false,
        "name": "byPoolName",
        "options": [
          {
            "text": "data",
            "value": "data",
            "selected": false
          },
          {
            "text": "myPool",
            "value": "myPool",
            "selected": true
          },
          {
            "text": "system",
            "value": "system",
            "selected": false
          }
        ],
        "query": "tag_values($gpfsMetrics, gpfs_diskpool_name)",
        "refresh": 1,
        "regex": "",
        "type": "query"
      },
      {
        "current": {
          "text": "fs2",
          "value": "fs2"
        },
        "datasource": null,
        "hide": 0,
        "includeAll": false,
        "multi": false,
        "name": "byFsName",
        "options": [
          {
            "text": "fs1",
            "value": "fs1",
            "selected": false
          },
          {
            "text": "fs2",
            "value": "fs2",
            "selected": true
          },
          {
            "text": "gpfs0",
            "value": "gpfs0",
            "selected": false
          }
        ],
        "query": "tag_values($gpfsMetrics, gpfs_fs_name)",
        "refresh": 1,
        "regex": "",
        "type": "query"
      },
      {
        "current": {
          "text": "disk2",
          "value": "disk2"
        },
        "datasource": null,
        "hide": 0,
        "includeAll": false,
        "multi": false,
        "name": "byDisk",
        "options": [
          {
            "text": "disk1",
            "value": "disk1",
            "selected": false
          },
          {
            "text": "disk2",
            "value": "disk2",
            "selected": true
          },
          {
            "text": "disk3",
            "value": "disk3",
            "selected": false
          },
          {
            "text": "disk4",
            "value": "disk4",
            "selected": false
          },
          {
            "text": "disk6",
            "value": "disk6",
            "selected": false
          }
        ],
        "query": "tag_values($gpfsMetrics, gpfs_disk_name)",
        "refresh": 1,
        "regex": "",
        "type": "query"
      },
      {
        "current": {
          "tags": [],
          "text": "gpfs_disk_free_fullkb",
          "value": "gpfs_disk_free_fullkb"
        },
        "datasource": null,
        "hide": 0,
        "includeAll": false,
        "label": "metric1",
        "multi": false,
        "name": "gpfsMetrics_disk_cap",
        "options": [
          {
            "selected": false,
            "text": "gpfs_disk_disksize",
            "value": "gpfs_disk_disksize"
          },
          {
            "selected": false,
            "text": "gpfs_disk_free_fragkb",
            "value": "gpfs_disk_free_fragkb"
          },
          {
            "selected": true,
            "text": "gpfs_disk_free_fullkb",
            "value": "gpfs_disk_free_fullkb"
          }
        ],
        "query": "metrics(gpfs_disk_.*)",
        "refresh": 0,
        "regex": "",
        "type": "query"
      },
      {
        "current": {
          "tags": [],
          "text": "gpfs_pool_free_fullkb",
          "value": "gpfs_pool_free_fullkb"
        },
        "datasource": null,
        "hide": 0,
        "includeAll": false,
        "label": "metric2",
        "multi": false,
        "name": "gpfsMetrics_pool_cap",
        "options": [
          {
            "selected": false,
            "text": "gpfs_pool_disksize",
            "value": "gpfs_pool_disksize"
          },
          {
            "selected": false,
            "text": "gpfs_pool_free_fragkb",
            "value": "gpfs_pool_free_fragkb"
          },
          {
            "selected": true,
            "text": "gpfs_pool_free_fullkb",
            "value": "gpfs_pool_free_fullkb"
          }
        ],
        "query": "metrics(gpfs_pool_*)",
        "refresh": 0,
        "regex": "",
        "type": "query"
      },
      {
        "current": {
          "text": "fs1",
          "value": "fs1"
        },
        "datasource": null,
        "hide": 2,
        "includeAll": false,
        "label": "values",
        "multi": false,
        "name": "values",
        "options": [
          {
            "selected": true,
            "text": "fs1",
            "value": "fs1"
          },
          {
            "selected": false,
            "text": "gpfs0",
            "value": "gpfs0"
          }
        ],
        "query": "tag_values($gpfsMetrics, $filterBy)",
        "refresh": 0,
        "regex": "",
        "type": "query"
      },
      {
        "current": {
          "text": "gpfs_disk_disksize",
          "value": "gpfs_disk_disksize"
        },
        "datasource": null,
        "hide": 2,
        "includeAll": false,
        "label": "metric1",
        "multi": false,
        "name": "gpfsMetrics",
        "options": [
          {
            "selected": true,
            "text": "gpfs_disk_disksize",
            "value": "gpfs_disk_disksize"
          },
          {
            "selected": false,
            "text": "gpfs_disk_free_fragkb",
            "value": "gpfs_disk_free_fragkb"
          },
          {
            "selected": false,
            "text": "gpfs_disk_free_fullkb",
            "value": "gpfs_disk_free_fullkb"
          },
          {
            "selected": false,
            "text": "gpfs_fis_bytes_read",
            "value": "gpfs_fis_bytes_read"
          },
          {
            "selected": false,
            "text": "gpfs_fis_bytes_written",
            "value": "gpfs_fis_bytes_written"
          },
          {
            "selected": false,
            "text": "gpfs_fis_close_calls",
            "value": "gpfs_fis_close_calls"
          },
          {
            "selected": false,
            "text": "gpfs_fis_disks",
            "value": "gpfs_fis_disks"
          },
          {
            "selected": false,
            "text": "gpfs_fis_inodes_written",
            "value": "gpfs_fis_inodes_written"
          },
          {
            "selected": false,
            "text": "gpfs_fis_open_calls",
            "value": "gpfs_fis_open_calls"
          },
          {
            "selected": false,
            "text": "gpfs_fis_read_calls",
            "value": "gpfs_fis_read_calls"
          },
          {
            "selected": false,
            "text": "gpfs_fis_readdir_calls",
            "value": "gpfs_fis_readdir_calls"
          },
          {
            "selected": false,
            "text": "gpfs_fis_write_calls",
            "value": "gpfs_fis_write_calls"
          },
          {
            "selected": false,
            "text": "gpfs_fs_bytes_read",
            "value": "gpfs_fs_bytes_read"
          },
          {
            "selected": false,
            "text": "gpfs_fs_bytes_written",
            "value": "gpfs_fs_bytes_written"
          },
          {
            "selected": false,
            "text": "gpfs_fs_disks",
            "value": "gpfs_fs_disks"
          },
          {
            "selected": false,
            "text": "gpfs_fs_inode_alloc",
            "value": "gpfs_fs_inode_alloc"
          },
          {
            "selected": false,
            "text": "gpfs_fs_inode_free",
            "value": "gpfs_fs_inode_free"
          },
          {
            "selected": false,
            "text": "gpfs_fs_inode_max",
            "value": "gpfs_fs_inode_max"
          },
          {
            "selected": false,
            "text": "gpfs_fs_inode_used",
            "value": "gpfs_fs_inode_used"
          },
          {
            "selected": false,
            "text": "gpfs_fs_max_disk_wait_rd",
            "value": "gpfs_fs_max_disk_wait_rd"
          },
          {
            "selected": false,
            "text": "gpfs_fs_max_disk_wait_wr",
            "value": "gpfs_fs_max_disk_wait_wr"
          },
          {
            "selected": false,
            "text": "gpfs_fs_max_queue_wait_rd",
            "value": "gpfs_fs_max_queue_wait_rd"
          },
          {
            "selected": false,
            "text": "gpfs_fs_max_queue_wait_wr",
            "value": "gpfs_fs_max_queue_wait_wr"
          },
          {
            "selected": false,
            "text": "gpfs_fs_min_disk_wait_rd",
            "value": "gpfs_fs_min_disk_wait_rd"
          },
          {
            "selected": false,
            "text": "gpfs_fs_min_disk_wait_wr",
            "value": "gpfs_fs_min_disk_wait_wr"
          },
          {
            "selected": false,
            "text": "gpfs_fs_min_queue_wait_rd",
            "value": "gpfs_fs_min_queue_wait_rd"
          },
          {
            "selected": false,
            "text": "gpfs_fs_min_queue_wait_wr",
            "value": "gpfs_fs_min_queue_wait_wr"
          },
          {
            "selected": false,
            "text": "gpfs_fs_read_ops",
            "value": "gpfs_fs_read_ops"
          },
          {
            "selected": false,
            "text": "gpfs_fs_tot_disk_wait_rd",
            "value": "gpfs_fs_tot_disk_wait_rd"
          },
          {
            "selected": false,
            "text": "gpfs_fs_tot_disk_wait_wr",
            "value": "gpfs_fs_tot_disk_wait_wr"
          },
          {
            "selected": false,
            "text": "gpfs_fs_tot_queue_wait_rd",
            "value": "gpfs_fs_tot_queue_wait_rd"
          },
          {
            "selected": false,
            "text": "gpfs_fs_tot_queue_wait_wr",
            "value": "gpfs_fs_tot_queue_wait_wr"
          },
          {
            "selected": false,
            "text": "gpfs_fs_write_ops",
            "value": "gpfs_fs_write_ops"
          },
          {
            "selected": false,
            "text": "gpfs_is_bytes_read",
            "value": "gpfs_is_bytes_read"
          },
          {
            "selected": false,
            "text": "gpfs_is_bytes_written",
            "value": "gpfs_is_bytes_written"
          },
          {
            "selected": false,
            "text": "gpfs_is_close_calls",
            "value": "gpfs_is_close_calls"
          },
          {
            "selected": false,
            "text": "gpfs_is_inodes_written",
            "value": "gpfs_is_inodes_written"
          },
          {
            "selected": false,
            "text": "gpfs_is_open_calls",
            "value": "gpfs_is_open_calls"
          },
          {
            "selected": false,
            "text": "gpfs_is_readDir_calls",
            "value": "gpfs_is_readDir_calls"
          },
          {
            "selected": false,
            "text": "gpfs_is_read_calls",
            "value": "gpfs_is_read_calls"
          },
          {
            "selected": false,
            "text": "gpfs_is_write_calls",
            "value": "gpfs_is_write_calls"
          },
          {
            "selected": false,
            "text": "gpfs_ns_bytes_read",
            "value": "gpfs_ns_bytes_read"
          },
          {
            "selected": false,
            "text": "gpfs_ns_bytes_written",
            "value": "gpfs_ns_bytes_written"
          },
          {
            "selected": false,
            "text": "gpfs_ns_clusters",
            "value": "gpfs_ns_clusters"
          },
          {
            "selected": false,
            "text": "gpfs_ns_disks",
            "value": "gpfs_ns_disks"
          },
          {
            "selected": false,
            "text": "gpfs_ns_filesys",
            "value": "gpfs_ns_filesys"
          },
          {
            "selected": false,
            "text": "gpfs_ns_max_disk_wait_rd",
            "value": "gpfs_ns_max_disk_wait_rd"
          },
          {
            "selected": false,
            "text": "gpfs_ns_max_disk_wait_wr",
            "value": "gpfs_ns_max_disk_wait_wr"
          },
          {
            "selected": false,
            "text": "gpfs_ns_max_queue_wait_rd",
            "value": "gpfs_ns_max_queue_wait_rd"
          },
          {
            "selected": false,
            "text": "gpfs_ns_max_queue_wait_wr",
            "value": "gpfs_ns_max_queue_wait_wr"
          },
          {
            "selected": false,
            "text": "gpfs_ns_min_disk_wait_rd",
            "value": "gpfs_ns_min_disk_wait_rd"
          },
          {
            "selected": false,
            "text": "gpfs_ns_min_disk_wait_wr",
            "value": "gpfs_ns_min_disk_wait_wr"
          },
          {
            "selected": false,
            "text": "gpfs_ns_min_queue_wait_rd",
            "value": "gpfs_ns_min_queue_wait_rd"
          },
          {
            "selected": false,
            "text": "gpfs_ns_min_queue_wait_wr",
            "value": "gpfs_ns_min_queue_wait_wr"
          },
          {
            "selected": false,
            "text": "gpfs_ns_read_ops",
            "value": "gpfs_ns_read_ops"
          },
          {
            "selected": false,
            "text": "gpfs_ns_tot_disk_wait_rd",
            "value": "gpfs_ns_tot_disk_wait_rd"
          },
          {
            "selected": false,
            "text": "gpfs_ns_tot_disk_wait_wr",
            "value": "gpfs_ns_tot_disk_wait_wr"
          },
          {
            "selected": false,
            "text": "gpfs_ns_tot_queue_wait_rd",
            "value": "gpfs_ns_tot_queue_wait_rd"
          },
          {
            "selected": false,
            "text": "gpfs_ns_tot_queue_wait_wr",
            "value": "gpfs_ns_tot_queue_wait_wr"
          },
          {
            "selected": false,
            "text": "gpfs_ns_write_ops",
            "value": "gpfs_ns_write_ops"
          },
          {
            "selected": false,
            "text": "gpfs_nsdds_bytes_read",
            "value": "gpfs_nsdds_bytes_read"
          },
          {
            "selected": false,
            "text": "gpfs_nsdds_bytes_written",
            "value": "gpfs_nsdds_bytes_written"
          },
          {
            "selected": false,
            "text": "gpfs_nsdds_max_disk_wait_rd",
            "value": "gpfs_nsdds_max_disk_wait_rd"
          },
          {
            "selected": false,
            "text": "gpfs_nsdds_max_disk_wait_wr",
            "value": "gpfs_nsdds_max_disk_wait_wr"
          },
          {
            "selected": false,
            "text": "gpfs_nsdds_max_queue_wait_rd",
            "value": "gpfs_nsdds_max_queue_wait_rd"
          },
          {
            "selected": false,
            "text": "gpfs_nsdds_max_queue_wait_wr",
            "value": "gpfs_nsdds_max_queue_wait_wr"
          },
          {
            "selected": false,
            "text": "gpfs_nsdds_min_disk_wait_rd",
            "value": "gpfs_nsdds_min_disk_wait_rd"
          },
          {
            "selected": false,
            "text": "gpfs_nsdds_min_disk_wait_wr",
            "value": "gpfs_nsdds_min_disk_wait_wr"
          },
          {
            "selected": false,
            "text": "gpfs_nsdds_min_queue_wait_rd",
            "value": "gpfs_nsdds_min_queue_wait_rd"
          },
          {
            "selected": false,
            "text": "gpfs_nsdds_min_queue_wait_wr",
            "value": "gpfs_nsdds_min_queue_wait_wr"
          },
          {
            "selected": false,
            "text": "gpfs_nsdds_read_ops",
            "value": "gpfs_nsdds_read_ops"
          },
          {
            "selected": false,
            "text": "gpfs_nsdds_tot_disk_wait_rd",
            "value": "gpfs_nsdds_tot_disk_wait_rd"
          },
          {
            "selected": false,
            "text": "gpfs_nsdds_tot_disk_wait_wr",
            "value": "gpfs_nsdds_tot_disk_wait_wr"
          },
          {
            "selected": false,
            "text": "gpfs_nsdds_tot_queue_wait_rd",
            "value": "gpfs_nsdds_tot_queue_wait_rd"
          },
          {
            "selected": false,
            "text": "gpfs_nsdds_tot_queue_wait_wr",
            "value": "gpfs_nsdds_tot_queue_wait_wr"
          },
          {
            "selected": false,
            "text": "gpfs_nsdds_write_ops",
            "value": "gpfs_nsdds_write_ops"
          },
          {
            "selected": false,
            "text": "gpfs_nsdfs_bytes_read",
            "value": "gpfs_nsdfs_bytes_read"
          },
          {
            "selected": false,
            "text": "gpfs_nsdfs_bytes_written",
            "value": "gpfs_nsdfs_bytes_written"
          },
          {
            "selected": false,
            "text": "gpfs_nsdfs_read_ops",
            "value": "gpfs_nsdfs_read_ops"
          },
          {
            "selected": false,
            "text": "gpfs_nsdfs_write_ops",
            "value": "gpfs_nsdfs_write_ops"
          },
          {
            "selected": false,
            "text": "gpfs_nsdpool_bytes_read",
            "value": "gpfs_nsdpool_bytes_read"
          },
          {
            "selected": false,
            "text": "gpfs_nsdpool_bytes_written",
            "value": "gpfs_nsdpool_bytes_written"
          },
          {
            "selected": false,
            "text": "gpfs_nsdpool_read_ops",
            "value": "gpfs_nsdpool_read_ops"
          },
          {
            "selected": false,
            "text": "gpfs_nsdpool_write_ops",
            "value": "gpfs_nsdpool_write_ops"
          },
          {
            "selected": false,
            "text": "gpfs_pool_disksize",
            "value": "gpfs_pool_disksize"
          },
          {
            "selected": false,
            "text": "gpfs_pool_free_fragkb",
            "value": "gpfs_pool_free_fragkb"
          },
          {
            "selected": false,
            "text": "gpfs_pool_free_fullkb",
            "value": "gpfs_pool_free_fullkb"
          },
          {
            "selected": false,
            "text": "gpfs_vfs_accesses",
            "value": "gpfs_vfs_accesses"
          },
          {
            "selected": false,
            "text": "gpfs_vfs_accesses_t",
            "value": "gpfs_vfs_accesses_t"
          },
          {
            "selected": false,
            "text": "gpfs_vfs_aioread",
            "value": "gpfs_vfs_aioread"
          },
          {
            "selected": false,
            "text": "gpfs_vfs_aioread_t",
            "value": "gpfs_vfs_aioread_t"
          },
          {
            "selected": false,
            "text": "gpfs_vfs_aiowrite",
            "value": "gpfs_vfs_aiowrite"
          },
          {
            "selected": false,
            "text": "gpfs_vfs_aiowrite_t",
            "value": "gpfs_vfs_aiowrite_t"
          },
          {
            "selected": false,
            "text": "gpfs_vfs_clear",
            "value": "gpfs_vfs_clear"
          },
          {
            "selected": false,
            "text": "gpfs_vfs_clear_t",
            "value": "gpfs_vfs_clear_t"
          },
          {
            "selected": false,
            "text": "gpfs_vfs_close",
            "value": "gpfs_vfs_close"
          },
          {
            "selected": false,
            "text": "gpfs_vfs_close_t",
            "value": "gpfs_vfs_close_t"
          },
          {
            "selected": false,
            "text": "gpfs_vfs_create",
            "value": "gpfs_vfs_create"
          },
          {
            "selected": false,
            "text": "gpfs_vfs_create_t",
            "value": "gpfs_vfs_create_t"
          },
          {
            "selected": false,
            "text": "gpfs_vfs_decodeFh",
            "value": "gpfs_vfs_decodeFh"
          },
          {
            "selected": false,
            "text": "gpfs_vfs_decodeFh_t",
            "value": "gpfs_vfs_decodeFh_t"
          },
          {
            "selected": false,
            "text": "gpfs_vfs_detDentry",
            "value": "gpfs_vfs_detDentry"
          },
          {
            "selected": false,
            "text": "gpfs_vfs_encodeFh",
            "value": "gpfs_vfs_encodeFh"
          },
          {
            "selected": false,
            "text": "gpfs_vfs_encodeFh_t",
            "value": "gpfs_vfs_encodeFh_t"
          },
          {
            "selected": false,
            "text": "gpfs_vfs_flock",
            "value": "gpfs_vfs_flock"
          },
          {
            "selected": false,
            "text": "gpfs_vfs_flock_t",
            "value": "gpfs_vfs_flock_t"
          },
          {
            "selected": false,
            "text": "gpfs_vfs_fsync",
            "value": "gpfs_vfs_fsync"
          },
          {
            "selected": false,
            "text": "gpfs_vfs_fsyncRange",
            "value": "gpfs_vfs_fsyncRange"
          },
          {
            "selected": false,
            "text": "gpfs_vfs_fsyncRange_t",
            "value": "gpfs_vfs_fsyncRange_t"
          },
          {
            "selected": false,
            "text": "gpfs_vfs_fsync_t",
            "value": "gpfs_vfs_fsync_t"
          },
          {
            "selected": false,
            "text": "gpfs_vfs_ftrunc",
            "value": "gpfs_vfs_ftrunc"
          },
          {
            "selected": false,
            "text": "gpfs_vfs_ftrunc_t",
            "value": "gpfs_vfs_ftrunc_t"
          },
          {
            "selected": false,
            "text": "gpfs_vfs_getDentry_t",
            "value": "gpfs_vfs_getDentry_t"
          },
          {
            "selected": false,
            "text": "gpfs_vfs_getParent",
            "value": "gpfs_vfs_getParent"
          },
          {
            "selected": false,
            "text": "gpfs_vfs_getParent_t",
            "value": "gpfs_vfs_getParent_t"
          },
          {
            "selected": false,
            "text": "gpfs_vfs_getattr",
            "value": "gpfs_vfs_getattr"
          },
          {
            "selected": false,
            "text": "gpfs_vfs_getattr_t",
            "value": "gpfs_vfs_getattr_t"
          },
          {
            "selected": false,
            "text": "gpfs_vfs_getxattr",
            "value": "gpfs_vfs_getxattr"
          },
          {
            "selected": false,
            "text": "gpfs_vfs_getxattr_t",
            "value": "gpfs_vfs_getxattr_t"
          },
          {
            "selected": false,
            "text": "gpfs_vfs_link",
            "value": "gpfs_vfs_link"
          },
          {
            "selected": false,
            "text": "gpfs_vfs_link_t",
            "value": "gpfs_vfs_link_t"
          },
          {
            "selected": false,
            "text": "gpfs_vfs_listxattr",
            "value": "gpfs_vfs_listxattr"
          },
          {
            "selected": false,
            "text": "gpfs_vfs_listxattr_t",
            "value": "gpfs_vfs_listxattr_t"
          },
          {
            "selected": false,
            "text": "gpfs_vfs_lockctl",
            "value": "gpfs_vfs_lockctl"
          },
          {
            "selected": false,
            "text": "gpfs_vfs_lockctl_t",
            "value": "gpfs_vfs_lockctl_t"
          },
          {
            "selected": false,
            "text": "gpfs_vfs_lookup",
            "value": "gpfs_vfs_lookup"
          },
          {
            "selected": false,
            "text": "gpfs_vfs_lookup_t",
            "value": "gpfs_vfs_lookup_t"
          },
          {
            "selected": false,
            "text": "gpfs_vfs_mapLloff",
            "value": "gpfs_vfs_mapLloff"
          },
          {
            "selected": false,
            "text": "gpfs_vfs_mapLloff_t",
            "value": "gpfs_vfs_mapLloff_t"
          },
          {
            "selected": false,
            "text": "gpfs_vfs_mkdir",
            "value": "gpfs_vfs_mkdir"
          },
          {
            "selected": false,
            "text": "gpfs_vfs_mkdir_t",
            "value": "gpfs_vfs_mkdir_t"
          },
          {
            "selected": false,
            "text": "gpfs_vfs_mknod",
            "value": "gpfs_vfs_mknod"
          },
          {
            "selected": false,
            "text": "gpfs_vfs_mknod_t",
            "value": "gpfs_vfs_mknod_t"
          },
          {
            "selected": false,
            "text": "gpfs_vfs_mmapread",
            "value": "gpfs_vfs_mmapread"
          },
          {
            "selected": false,
            "text": "gpfs_vfs_mmapread_t",
            "value": "gpfs_vfs_mmapread_t"
          },
          {
            "selected": false,
            "text": "gpfs_vfs_mmapwrite",
            "value": "gpfs_vfs_mmapwrite"
          },
          {
            "selected": false,
            "text": "gpfs_vfs_mmapwrite_t",
            "value": "gpfs_vfs_mmapwrite_t"
          },
          {
            "selected": false,
            "text": "gpfs_vfs_mount",
            "value": "gpfs_vfs_mount"
          },
          {
            "selected": false,
            "text": "gpfs_vfs_mount_t",
            "value": "gpfs_vfs_mount_t"
          },
          {
            "selected": false,
            "text": "gpfs_vfs_open",
            "value": "gpfs_vfs_open"
          },
          {
            "selected": false,
            "text": "gpfs_vfs_open_t",
            "value": "gpfs_vfs_open_t"
          },
          {
            "selected": false,
            "text": "gpfs_vfs_read",
            "value": "gpfs_vfs_read"
          },
          {
            "selected": false,
            "text": "gpfs_vfs_read_t",
            "value": "gpfs_vfs_read_t"
          },
          {
            "selected": false,
            "text": "gpfs_vfs_readdir",
            "value": "gpfs_vfs_readdir"
          },
          {
            "selected": false,
            "text": "gpfs_vfs_readdir_t",
            "value": "gpfs_vfs_readdir_t"
          },
          {
            "selected": false,
            "text": "gpfs_vfs_readlink",
            "value": "gpfs_vfs_readlink"
          },
          {
            "selected": false,
            "text": "gpfs_vfs_readlink_t",
            "value": "gpfs_vfs_readlink_t"
          },
          {
            "selected": false,
            "text": "gpfs_vfs_readpage",
            "value": "gpfs_vfs_readpage"
          },
          {
            "selected": false,
            "text": "gpfs_vfs_readpage_t",
            "value": "gpfs_vfs_readpage_t"
          },
          {
            "selected": false,
            "text": "gpfs_vfs_remove",
            "value": "gpfs_vfs_remove"
          },
          {
            "selected": false,
            "text": "gpfs_vfs_remove_t",
            "value": "gpfs_vfs_remove_t"
          },
          {
            "selected": false,
            "text": "gpfs_vfs_removexattr",
            "value": "gpfs_vfs_removexattr"
          },
          {
            "selected": false,
            "text": "gpfs_vfs_removexattr_t",
            "value": "gpfs_vfs_removexattr_t"
          },
          {
            "selected": false,
            "text": "gpfs_vfs_rename",
            "value": "gpfs_vfs_rename"
          },
          {
            "selected": false,
            "text": "gpfs_vfs_rename_t",
            "value": "gpfs_vfs_rename_t"
          },
          {
            "selected": false,
            "text": "gpfs_vfs_rmdir",
            "value": "gpfs_vfs_rmdir"
          },
          {
            "selected": false,
            "text": "gpfs_vfs_rmdir_t",
            "value": "gpfs_vfs_rmdir_t"
          },
          {
            "selected": false,
            "text": "gpfs_vfs_setacl",
            "value": "gpfs_vfs_setacl"
          },
          {
            "selected": false,
            "text": "gpfs_vfs_setacl_t",
            "value": "gpfs_vfs_setacl_t"
          },
          {
            "selected": false,
            "text": "gpfs_vfs_setattr",
            "value": "gpfs_vfs_setattr"
          },
          {
            "selected": false,
            "text": "gpfs_vfs_setattr_t",
            "value": "gpfs_vfs_setattr_t"
          },
          {
            "selected": false,
            "text": "gpfs_vfs_setxattr",
            "value": "gpfs_vfs_setxattr"
          },
          {
            "selected": false,
            "text": "gpfs_vfs_setxattr_t",
            "value": "gpfs_vfs_setxattr_t"
          },
          {
            "selected": false,
            "text": "gpfs_vfs_statfs",
            "value": "gpfs_vfs_statfs"
          },
          {
            "selected": false,
            "text": "gpfs_vfs_statfs_t",
            "value": "gpfs_vfs_statfs_t"
          },
          {
            "selected": false,
            "text": "gpfs_vfs_symlink",
            "value": "gpfs_vfs_symlink"
          },
          {
            "selected": false,
            "text": "gpfs_vfs_symlink_t",
            "value": "gpfs_vfs_symlink_t"
          },
          {
            "selected": false,
            "text": "gpfs_vfs_sync",
            "value": "gpfs_vfs_sync"
          },
          {
            "selected": false,
            "text": "gpfs_vfs_sync_t",
            "value": "gpfs_vfs_sync_t"
          },
          {
            "selected": false,
            "text": "gpfs_vfs_tsfattr",
            "value": "gpfs_vfs_tsfattr"
          },
          {
            "selected": false,
            "text": "gpfs_vfs_tsfattr_t",
            "value": "gpfs_vfs_tsfattr_t"
          },
          {
            "selected": false,
            "text": "gpfs_vfs_tsfsattr",
            "value": "gpfs_vfs_tsfsattr"
          },
          {
            "selected": false,
            "text": "gpfs_vfs_tsfsattr_t",
            "value": "gpfs_vfs_tsfsattr_t"
          },
          {
            "selected": false,
            "text": "gpfs_vfs_unmap",
            "value": "gpfs_vfs_unmap"
          },
          {
            "selected": false,
            "text": "gpfs_vfs_unmap_t",
            "value": "gpfs_vfs_unmap_t"
          },
          {
            "selected": false,
            "text": "gpfs_vfs_vget",
            "value": "gpfs_vfs_vget"
          },
          {
            "selected": false,
            "text": "gpfs_vfs_vget_t",
            "value": "gpfs_vfs_vget_t"
          },
          {
            "selected": false,
            "text": "gpfs_vfs_write",
            "value": "gpfs_vfs_write"
          },
          {
            "selected": false,
            "text": "gpfs_vfs_write_t",
            "value": "gpfs_vfs_write_t"
          },
          {
            "selected": false,
            "text": "gpfs_vfs_writepage",
            "value": "gpfs_vfs_writepage"
          },
          {
            "selected": false,
            "text": "gpfs_vfs_writepage_t",
            "value": "gpfs_vfs_writepage_t"
          },
          {
            "selected": false,
            "text": "gpfs_wt_count_all",
            "value": "gpfs_wt_count_all"
          },
          {
            "selected": false,
            "text": "gpfs_wt_count_delay",
            "value": "gpfs_wt_count_delay"
          },
          {
            "selected": false,
            "text": "gpfs_wt_count_local_io",
            "value": "gpfs_wt_count_local_io"
          },
          {
            "selected": false,
            "text": "gpfs_wt_count_network_io",
            "value": "gpfs_wt_count_network_io"
          },
          {
            "selected": false,
            "text": "gpfs_wt_count_syscall",
            "value": "gpfs_wt_count_syscall"
          },
          {
            "selected": false,
            "text": "gpfs_wt_count_thcond",
            "value": "gpfs_wt_count_thcond"
          },
          {
            "selected": false,
            "text": "gpfs_wt_count_thmutex",
            "value": "gpfs_wt_count_thmutex"
          }
        ],
        "query": "metrics(gpfs_.*)",
        "refresh": 0,
        "regex": "",
        "type": "query"
      }
    ]
  },
  "annotations": {
    "list": []
  },
  "refresh": "2h",
  "schemaVersion": 12,
  "version": 33,
  "links": [
    {
      "icon": "external link",
      "tags": [
        "main"
      ],
      "type": "dashboards"
    }
  ]
}