{
  "id": 11,
  "title": "Protocols (NOT SUPPORTED NOW)",
  "originalTitle": "Protocols (NOT SUPPORTED NOW)",
  "tags": [
    "default",
    "node"
  ],
  "style": "dark",
  "timezone": "browser",
  "editable": true,
  "hideControls": false,
  "sharedCrosshair": false,
  "rows": [
    {
      "collapse": false,
      "editable": true,
      "height": "250px",
      "panels": [
        {
          "content": "This dashboard is just placeholder for future support protocol metrics NFS, SMB\n\nSMB and NFS tabs provide the performance details of the SMB and NFS services hosted on the node. These tabs appear in the chart only if the node is configured as a protocol node.\n",
          "editable": true,
          "error": false,
          "height": "100px",
          "id": 2,
          "isNew": true,
          "links": [
            {
              "type": "dashboard"
            }
          ],
          "minSpan": 4,
          "mode": "text",
          "repeat": null,
          "scopedVars": {},
          "span": 12,
          "style": {
            "font-size": "36pt"
          },
          "title": "",
          "type": "text"
        }
      ],
      "title": "New row"
    }
  ],
  "time": {
    "from": "now/d",
    "to": "now"
  },
  "timepicker": {
    "refresh_intervals": [
      "5s",
      "10s",
      "30s",
      "1m",
      "5m",
      "15m",
      "30m",
      "1h",
      "2h",
      "1d"
    ],
    "time_options": [
      "5m",
      "15m",
      "1h",
      "6h",
      "12h",
      "24h",
      "2d",
      "7d",
      "30d"
    ]
  },
  "templating": {
    "list": [
      {
        "current": {
          "isNone": true,
          "tags": [],
          "text": "None",
          "value": ""
        },
        "datasource": null,
        "hide": 0,
        "includeAll": false,
        "label": "metric1",
        "multi": false,
        "name": "gpfsMetrics_nfs",
        "options": [
          {
            "isNone": true,
            "selected": true,
            "text": "None",
            "value": ""
          }
        ],
        "query": "metrics(nfs_.*)",
        "refresh": 0,
        "regex": "",
        "type": "query"
      },
      {
        "current": {
          "text": "netdev_bytes_s",
          "value": "netdev_bytes_s"
        },
        "datasource": null,
        "hide": 2,
        "includeAll": true,
        "label": "throughput",
        "multi": false,
        "name": "gpfsMetrics_netdev1",
        "options": [
          {
            "selected": false,
            "text": "All",
            "value": "$__all"
          },
          {
            "selected": false,
            "text": "netdev_bytes_r",
            "value": "netdev_bytes_r"
          },
          {
            "selected": true,
            "text": "netdev_bytes_s",
            "value": "netdev_bytes_s"
          }
        ],
        "query": "metrics(netdev_b.*)",
        "refresh": 0,
        "regex": "",
        "type": "query"
      },
      {
        "current": {
          "text": "netdev_errors_s",
          "value": "netdev_errors_s"
        },
        "datasource": null,
        "hide": 2,
        "includeAll": false,
        "label": "",
        "multi": false,
        "name": "gpfsMetrics_netdev2",
        "options": [
          {
            "selected": false,
            "text": "netdev_errors_r",
            "value": "netdev_errors_r"
          },
          {
            "selected": true,
            "text": "netdev_errors_s",
            "value": "netdev_errors_s"
          }
        ],
        "query": "metrics(netdev_e.*)",
        "refresh": 0,
        "regex": "",
        "type": "query"
      },
      {
        "current": {
          "isNone": true,
          "text": "None",
          "value": ""
        },
        "datasource": null,
        "hide": 2,
        "includeAll": false,
        "multi": false,
        "name": "byDisk",
        "options": [
          {
            "isNone": true,
            "selected": true,
            "text": "None",
            "value": ""
          }
        ],
        "query": "tag_values($gpfsMetrics_nsd_server,gpfs_disk_name)",
        "refresh": 0,
        "regex": "",
        "type": "query"
      },
      {
        "current": {
          "isNone": true,
          "text": "None",
          "value": ""
        },
        "datasource": null,
        "hide": 0,
        "includeAll": false,
        "multi": false,
        "name": "byNode",
        "options": [
          {
            "isNone": true,
            "selected": true,
            "text": "None",
            "value": ""
          }
        ],
        "query": "tag_values($gpfsMetrics_nsd_server, node)",
        "refresh": 0,
        "regex": "",
        "type": "query"
      }
    ]
  },
  "annotations": {
    "list": []
  },
  "schemaVersion": 12,
  "version": 1,
  "links": [
    {
      "asDropdown": false,
      "icon": "external link",
      "tags": [
        "main"
      ],
      "type": "dashboards"
    }
  ]
}