{
  "__inputs": [],
  "__requires": [
    {
      "type": "grafana",
      "id": "grafana",
      "name": "Grafana",
      "version": "6.0.2"
    },
    {
      "type": "panel",
      "id": "graph",
      "name": "Graph",
      "version": "5.0.0"
    },
    {
      "type": "datasource",
      "id": "opentsdb",
      "name": "OpenTSDB",
      "version": "5.0.0"
    }
  ],
  "annotations": {
    "list": [
      {
        "builtIn": 1,
        "datasource": "-- Grafana --",
        "enable": true,
        "hide": true,
        "iconColor": "rgba(0, 211, 255, 1)",
        "name": "Annotations & Alerts",
        "type": "dashboard"
      }
    ]
  },
  "description": "",
  "editable": true,
  "gnetId": null,
  "graphTooltip": 0,
  "id": null,
  "iteration": 1554293124179,
  "links": [
    {
      "icon": "external link",
      "tags": [
        "home"
      ],
      "type": "dashboards"
    }
  ],
  "panels": [
    {
      "aliasColors": {},
      "bars": false,
      "dashLength": 10,
      "dashes": false,
      "datasource": "$byCluster",
      "fill": 1,
      "gridPos": {
        "h": 9,
        "w": 12,
        "x": 0,
        "y": 0
      },
      "id": 5,
      "legend": {
        "avg": false,
        "current": false,
        "max": false,
        "min": false,
        "show": true,
        "total": false,
        "values": false
      },
      "lines": true,
      "linewidth": 1,
      "links": [],
      "nullPointMode": "null",
      "paceLength": 10,
      "percentage": false,
      "pointradius": 2,
      "points": false,
      "renderer": "flot",
      "seriesOverrides": [],
      "stack": false,
      "steppedLine": false,
      "targets": [
        {
          "aggregator": "sum",
          "alias": "$tag_tct_csap",
          "currentFilterGroupBy": true,
          "currentFilterKey": "node",
          "currentFilterType": "pm_filter",
          "currentFilterValue": "$byNode",
          "disableDownsampling": false,
          "downsampleAggregator": "max",
          "downsampleFillPolicy": "none",
          "downsampleInterval": "$tInterval",
          "filters": [
            {
              "filter": "",
              "groupBy": true,
              "tagk": "tct_csap",
              "type": "pm_filter"
            }
          ],
          "metric": "tct_fs_total_requests",
          "refId": "B"
        }
      ],
      "thresholds": [],
      "timeFrom": null,
      "timeRegions": [],
      "timeShift": null,
      "title": " Total number of transfer requests from filesystems per CSAP",
      "tooltip": {
        "shared": true,
        "sort": 0,
        "value_type": "individual"
      },
      "type": "graph",
      "xaxis": {
        "buckets": null,
        "mode": "time",
        "name": null,
        "show": true,
        "values": []
      },
      "yaxes": [
        {
          "format": "short",
          "label": null,
          "logBase": 1,
          "max": null,
          "min": null,
          "show": true
        },
        {
          "format": "short",
          "label": null,
          "logBase": 1,
          "max": null,
          "min": null,
          "show": false
        }
      ],
      "yaxis": {
        "align": false,
        "alignLevel": null
      }
    },
    {
      "aliasColors": {},
      "bars": false,
      "dashLength": 10,
      "dashes": false,
      "datasource": "$byCluster",
      "fill": 1,
      "gridPos": {
        "h": 9,
        "w": 12,
        "x": 12,
        "y": 0
      },
      "id": 6,
      "legend": {
        "avg": false,
        "current": false,
        "max": false,
        "min": false,
        "show": true,
        "total": false,
        "values": false
      },
      "lines": true,
      "linewidth": 1,
      "links": [],
      "nullPointMode": "null",
      "paceLength": 10,
      "percentage": false,
      "pointradius": 2,
      "points": false,
      "renderer": "flot",
      "seriesOverrides": [],
      "stack": false,
      "steppedLine": false,
      "targets": [
        {
          "aggregator": "sum",
          "alias": "$tag_tct_csap",
          "currentFilterGroupBy": false,
          "currentFilterKey": "",
          "currentFilterType": "literal_or",
          "currentFilterValue": "",
          "disableDownsampling": false,
          "downsampleAggregator": "max",
          "downsampleFillPolicy": "none",
          "downsampleInterval": "$tInterval",
          "filters": [
            {
              "filter": "",
              "groupBy": true,
              "tagk": "tct_csap",
              "type": "pm_filter"
            }
          ],
          "metric": "tct_fs_total_request_time",
          "refId": "B"
        }
      ],
      "thresholds": [],
      "timeFrom": null,
      "timeRegions": [],
      "timeShift": null,
      "title": "Time (in second) taken for transfer requests from filesystems per CSAP",
      "tooltip": {
        "shared": true,
        "sort": 0,
        "value_type": "individual"
      },
      "type": "graph",
      "xaxis": {
        "buckets": null,
        "mode": "time",
        "name": null,
        "show": true,
        "values": []
      },
      "yaxes": [
        {
          "format": "ms",
          "label": null,
          "logBase": 1,
          "max": null,
          "min": null,
          "show": true
        },
        {
          "format": "short",
          "label": null,
          "logBase": 1,
          "max": null,
          "min": null,
          "show": false
        }
      ],
      "yaxis": {
        "align": false,
        "alignLevel": null
      }
    },
    {
      "aliasColors": {},
      "bars": false,
      "dashLength": 10,
      "dashes": false,
      "datasource": "$byCluster",
      "fill": 1,
      "gridPos": {
        "h": 9,
        "w": 12,
        "x": 0,
        "y": 9
      },
      "id": 2,
      "legend": {
        "avg": false,
        "current": false,
        "max": false,
        "min": false,
        "show": true,
        "total": false,
        "values": false
      },
      "lines": true,
      "linewidth": 1,
      "links": [],
      "nullPointMode": "null",
      "paceLength": 10,
      "percentage": false,
      "pointradius": 2,
      "points": false,
      "renderer": "flot",
      "seriesOverrides": [],
      "stack": false,
      "steppedLine": false,
      "targets": [
        {
          "aggregator": "sum",
          "alias": "fs: $tag_gpfs_fs_name",
          "currentFilterGroupBy": false,
          "currentFilterKey": "",
          "currentFilterType": "literal_or",
          "currentFilterValue": "",
          "disableDownsampling": false,
          "downsampleAggregator": "max",
          "downsampleFillPolicy": "none",
          "downsampleInterval": "$tInterval",
          "filters": [
            {
              "filter": "migrate|recall",
              "groupBy": false,
              "tagk": "tct_operation",
              "type": "pm_filter"
            },
            {
              "filter": "",
              "groupBy": true,
              "tagk": "gpfs_fs_name",
              "type": "pm_filter"
            }
          ],
          "metric": "tct_fs_total_persisted_bytes",
          "refId": "B"
        }
      ],
      "thresholds": [],
      "timeFrom": null,
      "timeRegions": [],
      "timeShift": null,
      "title": "filesystems transfers  to the cloud provider (bytes)",
      "tooltip": {
        "shared": true,
        "sort": 0,
        "value_type": "individual"
      },
      "type": "graph",
      "xaxis": {
        "buckets": null,
        "mode": "time",
        "name": null,
        "show": true,
        "values": []
      },
      "yaxes": [
        {
          "format": "decbytes",
          "label": null,
          "logBase": 1,
          "max": null,
          "min": null,
          "show": true
        },
        {
          "format": "short",
          "label": null,
          "logBase": 1,
          "max": null,
          "min": null,
          "show": false
        }
      ],
      "yaxis": {
        "align": false,
        "alignLevel": null
      }
    },
    {
      "aliasColors": {},
      "bars": false,
      "dashLength": 10,
      "dashes": false,
      "datasource": "$byCluster",
      "fill": 1,
      "gridPos": {
        "h": 9,
        "w": 12,
        "x": 12,
        "y": 9
      },
      "id": 3,
      "legend": {
        "avg": false,
        "current": false,
        "max": false,
        "min": false,
        "show": true,
        "total": false,
        "values": false
      },
      "lines": true,
      "linewidth": 1,
      "links": [],
      "nullPointMode": "null",
      "paceLength": 10,
      "percentage": false,
      "pointradius": 2,
      "points": false,
      "renderer": "flot",
      "seriesOverrides": [],
      "stack": false,
      "steppedLine": false,
      "targets": [
        {
          "aggregator": "sum",
          "alias": "fs: $tag_gpfs_fs_name",
          "currentFilterGroupBy": false,
          "currentFilterKey": "",
          "currentFilterType": "literal_or",
          "currentFilterValue": "",
          "disableDownsampling": false,
          "downsampleAggregator": "max",
          "downsampleFillPolicy": "none",
          "downsampleInterval": "$tInterval",
          "filters": [
            {
              "filter": "migrate|recall",
              "groupBy": false,
              "tagk": "tct_operation",
              "type": "pm_filter"
            },
            {
              "filter": "",
              "groupBy": true,
              "tagk": "gpfs_fs_name",
              "type": "pm_filter"
            }
          ],
          "metric": "tct_fs_total_persisted_time",
          "refId": "B"
        }
      ],
      "thresholds": [],
      "timeFrom": null,
      "timeRegions": [],
      "timeShift": null,
      "title": "filesystems transfers (time msec)",
      "tooltip": {
        "shared": true,
        "sort": 0,
        "value_type": "individual"
      },
      "type": "graph",
      "xaxis": {
        "buckets": null,
        "mode": "time",
        "name": null,
        "show": true,
        "values": []
      },
      "yaxes": [
        {
          "format": "ms",
          "label": null,
          "logBase": 1,
          "max": null,
          "min": null,
          "show": true
        },
        {
          "format": "short",
          "label": null,
          "logBase": 1,
          "max": null,
          "min": null,
          "show": false
        }
      ],
      "yaxis": {
        "align": false,
        "alignLevel": null
      }
    }
  ],
  "refresh": false,
  "schemaVersion": 18,
  "style": "dark",
  "tags": [
    "tct"
  ],
  "templating": {
    "list": [
      {
        "current": {
          "text": "my4.2.3cluster",
          "value": "my4.2.3cluster"
        },
        "hide": 0,
        "label": "select cluster",
        "name": "byCluster",
        "options": [],
        "query": "opentsdb",
        "refresh": 1,
        "regex": "",
        "skipUrlSync": false,
        "type": "datasource"
      },
      {
        "allValue": null,
        "current": {},
        "datasource": "$byCluster",
        "definition": "tag_values(tct_fs_total_persisted_bytes, gpfs_fs_name)",
        "hide": 2,
        "includeAll": false,
        "label": "select fs",
        "multi": true,
        "name": "byFs",
        "options": [],
        "query": "tag_values(tct_fs_total_persisted_bytes, gpfs_fs_name)",
        "refresh": 2,
        "regex": "",
        "skipUrlSync": false,
        "sort": 0,
        "tagValuesQuery": "",
        "tags": [],
        "tagsQuery": "",
        "type": "query",
        "useTags": false
      },
      {
        "allValue": null,
        "current": {},
        "datasource": "$byCluster",
        "definition": "tag_values(tct_fs_total_persisted_bytes, node)",
        "hide": 2,
        "includeAll": false,
        "label": "select node",
        "multi": true,
        "name": "byNode",
        "options": [],
        "query": "tag_values(tct_fs_total_persisted_bytes, node)",
        "refresh": 2,
        "regex": "",
        "skipUrlSync": false,
        "sort": 0,
        "tagValuesQuery": "",
        "tags": [],
        "tagsQuery": "",
        "type": "query",
        "useTags": false
      },
      {
        "allValue": null,
        "current": {},
        "datasource": "$byCluster",
        "definition": "tag_values(tct_fs_total_requests, tct_operation)",
        "hide": 2,
        "includeAll": false,
        "label": "operation",
        "multi": true,
        "name": "byOperation",
        "options": [],
        "query": "tag_values(tct_fs_total_requests, tct_operation)",
        "refresh": 2,
        "regex": "",
        "skipUrlSync": false,
        "sort": 0,
        "tagValuesQuery": "",
        "tags": [],
        "tagsQuery": "",
        "type": "query",
        "useTags": false
      },
      {
        "auto": false,
        "auto_count": 30,
        "auto_min": "10s",
        "current": {
          "text": "10s",
          "value": "10s"
        },
        "hide": 0,
        "label": "t_interval",
        "name": "tInterval",
        "options": [
          {
            "selected": true,
            "text": "10s",
            "value": "10s"
          },
          {
            "selected": false,
            "text": "1m",
            "value": "1m"
          },
          {
            "selected": false,
            "text": "5m",
            "value": "5m"
          },
          {
            "selected": false,
            "text": "10m",
            "value": "10m"
          },
          {
            "selected": false,
            "text": "30m",
            "value": "30m"
          },
          {
            "selected": false,
            "text": "1h",
            "value": "1h"
          },
          {
            "selected": false,
            "text": "6h",
            "value": "6h"
          },
          {
            "selected": false,
            "text": "12h",
            "value": "12h"
          },
          {
            "selected": false,
            "text": "1d",
            "value": "1d"
          },
          {
            "selected": false,
            "text": "7d",
            "value": "7d"
          },
          {
            "selected": false,
            "text": "14d",
            "value": "14d"
          },
          {
            "selected": false,
            "text": "30d",
            "value": "30d"
          }
        ],
        "query": "10s,1m,5m,10m,30m,1h,6h,12h,1d,7d,14d,30d",
        "refresh": 2,
        "skipUrlSync": false,
        "type": "interval"
      }
    ]
  },
  "time": {
    "from": "now-6h",
    "to": "now"
  },
  "timepicker": {
    "refresh_intervals": [
      "5s",
      "10s",
      "30s",
      "1m",
      "5m",
      "15m",
      "30m",
      "1h",
      "2h",
      "1d"
    ],
    "time_options": [
      "5m",
      "15m",
      "1h",
      "6h",
      "12h",
      "24h",
      "2d",
      "7d",
      "30d"
    ]
  },
  "timezone": "",
  "title": "TCT filesystems transfers",
  "uid": "Feg4h3Cik",
  "version": 1
}