{
  "__inputs": [
    {
      "name": "DS_MY5.0.3TEST_CLUSTER",
      "label": "my5.0.3test_cluster",
      "description": "",
      "type": "datasource",
      "pluginId": "opentsdb",
      "pluginName": "OpenTSDB"
    }
  ],
  "__requires": [
    {
      "type": "grafana",
      "id": "grafana",
      "name": "Grafana",
      "version": "6.0.2"
    },
    {
      "type": "panel",
      "id": "graph",
      "name": "Graph",
      "version": "5.0.0"
    },
    {
      "type": "datasource",
      "id": "opentsdb",
      "name": "OpenTSDB",
      "version": "5.0.0"
    }
  ],
  "annotations": {
    "list": [
      {
        "builtIn": 1,
        "datasource": "-- Grafana --",
        "enable": true,
        "hide": true,
        "iconColor": "rgba(0, 211, 255, 1)",
        "name": "Annotations & Alerts",
        "type": "dashboard"
      }
    ]
  },
  "editable": true,
  "gnetId": null,
  "graphTooltip": 0,
  "id": null,
  "iteration": 1554293447015,
  "links": [
    {
      "icon": "external link",
      "tags": [
        "home"
      ],
      "type": "dashboards"
    }
  ],
  "panels": [
    {
      "aliasColors": {},
      "bars": false,
      "dashLength": 10,
      "dashes": false,
      "fill": 1,
      "gridPos": {
        "h": 10,
        "w": 24,
        "x": 0,
        "y": 0
      },
      "id": 2,
      "legend": {
        "avg": false,
        "current": false,
        "max": false,
        "min": false,
        "show": true,
        "total": false,
        "values": false
      },
      "lines": true,
      "linewidth": 1,
      "links": [],
      "nullPointMode": "connected",
      "paceLength": 10,
      "percentage": false,
      "pointradius": 5,
      "points": false,
      "renderer": "flot",
      "seriesOverrides": [],
      "stack": false,
      "steppedLine": false,
      "targets": [
        {
          "aggregator": "noop",
          "alias": "$tag_gpfs_fs_name : $tag_gpfs_diskpool_name",
          "currentFilterGroupBy": false,
          "currentFilterKey": "",
          "currentFilterType": "literal_or",
          "currentFilterValue": "",
          "downsampleAggregator": "noop",
          "downsampleFillPolicy": "none",
          "downsampleInterval": "5m",
          "filters": [
            {
              "filter": "$bygroup",
              "groupBy": true,
              "tagk": "gpfs_diskpool_name",
              "type": "pm_filter"
            }
          ],
          "metric": "$metric",
          "refId": "A"
        }
      ],
      "thresholds": [],
      "timeFrom": null,
      "timeRegions": [],
      "timeShift": null,
      "title": "$metric for selected group of pools: $bygroup",
      "tooltip": {
        "shared": true,
        "sort": 0,
        "value_type": "individual"
      },
      "type": "graph",
      "xaxis": {
        "buckets": null,
        "mode": "time",
        "name": null,
        "show": true,
        "values": []
      },
      "yaxes": [
        {
          "format": "short",
          "label": null,
          "logBase": 1,
          "max": null,
          "min": null,
          "show": true
        },
        {
          "format": "short",
          "label": null,
          "logBase": 1,
          "max": null,
          "min": null,
          "show": true
        }
      ],
      "yaxis": {
        "align": false,
        "alignLevel": null
      }
    },
    {
      "aliasColors": {},
      "bars": false,
      "dashLength": 10,
      "dashes": false,
      "fill": 1,
      "gridPos": {
        "h": 10,
        "w": 24,
        "x": 0,
        "y": 10
      },
      "id": 1,
      "legend": {
        "avg": false,
        "current": false,
        "max": false,
        "min": false,
        "show": true,
        "total": false,
        "values": false
      },
      "lines": true,
      "linewidth": 1,
      "links": [],
      "nullPointMode": "connected",
      "paceLength": 10,
      "percentage": false,
      "pointradius": 5,
      "points": false,
      "renderer": "flot",
      "seriesOverrides": [],
      "stack": false,
      "steppedLine": false,
      "targets": [
        {
          "aggregator": "noop",
          "alias": "$tag_gpfs_diskpool_name",
          "currentFilterGroupBy": false,
          "currentFilterKey": "",
          "currentFilterType": "literal_or",
          "currentFilterValue": "",
          "downsampleAggregator": "noop",
          "downsampleFillPolicy": "none",
          "downsampleInterval": "5m",
          "filters": [
            {
              "filter": "$value2",
              "groupBy": true,
              "tagk": "gpfs_diskpool_name",
              "type": "pm_filter"
            },
            {
              "filter": "$value1",
              "groupBy": false,
              "tagk": "gpfs_fs_name",
              "type": "pm_filter"
            }
          ],
          "metric": "$metric",
          "refId": "B"
        }
      ],
      "thresholds": [],
      "timeFrom": null,
      "timeRegions": [],
      "timeShift": null,
      "title": "\"$metric\" for selected pools:  \"$value2\"",
      "tooltip": {
        "shared": true,
        "sort": 0,
        "value_type": "individual"
      },
      "type": "graph",
      "xaxis": {
        "buckets": null,
        "mode": "time",
        "name": null,
        "show": true,
        "values": []
      },
      "yaxes": [
        {
          "format": "deckbytes",
          "label": null,
          "logBase": 1,
          "max": null,
          "min": null,
          "show": true
        },
        {
          "format": "short",
          "label": null,
          "logBase": 1,
          "max": null,
          "min": null,
          "show": true
        }
      ],
      "yaxis": {
        "align": false,
        "alignLevel": null
      }
    }
  ],
  "schemaVersion": 18,
  "style": "dark",
  "tags": [
    "advanced"
  ],
  "templating": {
    "list": [
      {
        "allValue": null,
        "current": {},
        "datasource": "${DS_MY5.0.3TEST_CLUSTER}",
        "definition": "metrics(gpfs_pool_)",
        "hide": 0,
        "includeAll": false,
        "label": "metric",
        "multi": false,
        "name": "metric",
        "options": [],
        "query": "metrics(gpfs_pool_)",
        "refresh": 1,
        "regex": "",
        "skipUrlSync": false,
        "sort": 0,
        "tagValuesQuery": "",
        "tags": [],
        "tagsQuery": "",
        "type": "query",
        "useTags": false
      },
      {
        "allValue": null,
        "current": {},
        "datasource": "${DS_MY5.0.3TEST_CLUSTER}",
        "definition": "",
        "hide": 0,
        "includeAll": false,
        "label": "selected filesystem",
        "multi": false,
        "name": "value1",
        "options": [],
        "query": "tag_values($metric, gpfs_fs_name)",
        "refresh": 1,
        "regex": "",
        "skipUrlSync": false,
        "sort": 0,
        "tagValuesQuery": "",
        "tags": [],
        "tagsQuery": "",
        "type": "query",
        "useTags": false
      },
      {
        "allValue": null,
        "current": {},
        "datasource": "${DS_MY5.0.3TEST_CLUSTER}",
        "definition": "",
        "hide": 0,
        "includeAll": false,
        "label": "selected pools",
        "multi": true,
        "name": "value2",
        "options": [],
        "query": "tag_values($metric, gpfs_diskpool_name,gpfs_fs_name=$value1)",
        "refresh": 1,
        "regex": "",
        "skipUrlSync": false,
        "sort": 0,
        "tagValuesQuery": "",
        "tags": [],
        "tagsQuery": "",
        "type": "query",
        "useTags": true
      },
      {
        "allValue": null,
        "current": {},
        "datasource": "${DS_MY5.0.3TEST_CLUSTER}",
        "definition": "",
        "hide": 0,
        "includeAll": false,
        "label": "group selection",
        "multi": true,
        "name": "bygroup",
        "options": [],
        "query": "tag_values($metric, gpfs_diskpool_name)",
        "refresh": 1,
        "regex": "",
        "skipUrlSync": false,
        "sort": 0,
        "tagValuesQuery": "tag_values($metric, gpfs_diskpool_name, gpfs_fs_name=$tag)",
        "tags": [
          "gpfs0",
          "fs1",
          "fs2",
          "objfs"
        ],
        "tagsQuery": "tag_values($metric, gpfs_fs_name)",
        "type": "query",
        "useTags": true
      }
    ]
  },
  "time": {
    "from": "now-7d",
    "to": "now"
  },
  "timepicker": {
    "refresh_intervals": [
      "5s",
      "10s",
      "30s",
      "1m",
      "5m",
      "15m",
      "30m",
      "1h",
      "2h",
      "1d"
    ],
    "time_options": [
      "5m",
      "15m",
      "1h",
      "6h",
      "12h",
      "24h",
      "2d",
      "7d",
      "30d"
    ]
  },
  "timezone": "browser",
  "title": "Templating Options",
  "uid": "w_5hJICmz",
  "version": 3
}