{
  "__inputs": [
    {
      "name": "DS_MY5.0.3TEST_CLUSTER",
      "label": "my5.0.3test_cluster",
      "description": "",
      "type": "datasource",
      "pluginId": "opentsdb",
      "pluginName": "OpenTSDB"
    }
  ],
  "__requires": [
    {
      "type": "grafana",
      "id": "grafana",
      "name": "Grafana",
      "version": "6.0.2"
    },
    {
      "type": "panel",
      "id": "graph",
      "name": "Graph",
      "version": "5.0.0"
    },
    {
      "type": "datasource",
      "id": "opentsdb",
      "name": "OpenTSDB",
      "version": "5.0.0"
    },
    {
      "type": "panel",
      "id": "text",
      "name": "Text",
      "version": "5.0.0"
    }
  ],
  "annotations": {
    "list": [
      {
        "builtIn": 1,
        "datasource": "-- Grafana --",
        "enable": true,
        "hide": true,
        "iconColor": "rgba(0, 211, 255, 1)",
        "name": "Annotations & Alerts",
        "type": "dashboard"
      }
    ]
  },
  "editable": true,
  "gnetId": null,
  "graphTooltip": 0,
  "id": null,
  "iteration": 1554293198234,
  "links": [
    {
      "asDropdown": false,
      "icon": "external link",
      "tags": [
        "main"
      ],
      "type": "dashboards"
    }
  ],
  "panels": [
    {
      "content": "This View provides performance details of all File Systems mounted on the node. You can view the file systems read or write throughput,  number of read/ write operations. \nYou can switch the graph metric display  through the metric1, metric2 selection. Also you can limit the view perspective to a  particular filesystem (use *'byFsName'* drop down list)\nor a mounted node (use *'byNode'* drop down list).\n",
      "editable": true,
      "error": false,
      "gridPos": {
        "h": 3,
        "w": 24,
        "x": 0,
        "y": 0
      },
      "height": "100px",
      "id": 2,
      "isNew": true,
      "links": [
        {
          "type": "dashboard"
        }
      ],
      "maxPerRow": 3,
      "mode": "markdown",
      "repeat": null,
      "style": {
        "font-size": "36pt"
      },
      "title": "",
      "type": "text"
    },
    {
      "aliasColors": {},
      "bars": false,
      "dashLength": 10,
      "dashes": false,
      "editable": true,
      "error": false,
      "fill": 6,
      "grid": {},
      "gridPos": {
        "h": 7,
        "w": 12,
        "x": 0,
        "y": 3
      },
      "height": "",
      "id": 5,
      "isNew": true,
      "legend": {
        "alignAsTable": false,
        "avg": false,
        "current": false,
        "max": false,
        "min": false,
        "rightSide": false,
        "show": false,
        "total": false,
        "values": false
      },
      "lines": true,
      "linewidth": 6,
      "links": [],
      "maxPerRow": 2,
      "nullPointMode": "connected",
      "paceLength": 10,
      "percentage": false,
      "pointradius": 5,
      "points": false,
      "renderer": "flot",
      "repeat": null,
      "seriesOverrides": [],
      "stack": false,
      "steppedLine": false,
      "targets": [
        {
          "aggregator": "sum",
          "currentFilterGroupBy": false,
          "currentFilterKey": "",
          "currentFilterType": null,
          "currentFilterValue": "",
          "downsampleAggregator": "avg",
          "downsampleFillPolicy": "none",
          "downsampleInterval": "1m",
          "filters": [
            {
              "groupBy": true,
              "tagk": "node",
              "type": "pm_filter"
            }
          ],
          "metric": "$gpfsMetrics_fs1",
          "refId": "A"
        },
        {
          "aggregator": "sum",
          "alias": "",
          "currentFilterGroupBy": false,
          "currentFilterKey": "",
          "currentFilterType": null,
          "currentFilterValue": "",
          "disableDownsampling": false,
          "downsampleAggregator": "avg",
          "downsampleFillPolicy": "none",
          "downsampleInterval": "1m",
          "filters": [
            {
              "groupBy": true,
              "tagk": "node",
              "type": "pm_filter"
            }
          ],
          "metric": "$gpfsMetrics_fs2",
          "refId": "B"
        }
      ],
      "thresholds": [],
      "timeFrom": null,
      "timeRegions": [],
      "timeShift": null,
      "title": "OVERVIEW( $gpfsMetrics_fs1 & $gpfsMetrics_fs2 )",
      "tooltip": {
        "msResolution": false,
        "shared": true,
        "sort": 0,
        "value_type": "cumulative"
      },
      "type": "graph",
      "xaxis": {
        "buckets": null,
        "mode": "time",
        "name": null,
        "show": true,
        "values": []
      },
      "yaxes": [
        {
          "format": "ops",
          "label": null,
          "logBase": 1,
          "max": null,
          "min": null,
          "show": true
        },
        {
          "format": "short",
          "label": null,
          "logBase": 1,
          "max": 0,
          "min": null,
          "show": true
        }
      ],
      "yaxis": {
        "align": false,
        "alignLevel": null
      }
    },
    {
      "aliasColors": {},
      "bars": false,
      "dashLength": 10,
      "dashes": false,
      "editable": true,
      "error": false,
      "fill": 6,
      "grid": {},
      "gridPos": {
        "h": 7,
        "w": 12,
        "x": 12,
        "y": 3
      },
      "id": 9,
      "isNew": true,
      "legend": {
        "avg": false,
        "current": false,
        "max": false,
        "min": false,
        "show": false,
        "total": false,
        "values": false
      },
      "lines": true,
      "linewidth": 6,
      "links": [],
      "maxPerRow": 2,
      "nullPointMode": "connected",
      "paceLength": 10,
      "percentage": false,
      "pointradius": 5,
      "points": false,
      "renderer": "flot",
      "seriesOverrides": [],
      "stack": false,
      "steppedLine": false,
      "targets": [
        {
          "aggregator": "sum",
          "currentFilterGroupBy": false,
          "currentFilterKey": "",
          "currentFilterType": "literal_or",
          "currentFilterValue": "",
          "downsampleAggregator": "avg",
          "downsampleFillPolicy": "none",
          "downsampleInterval": "1m",
          "filters": [
            {
              "groupBy": true,
              "tagk": "gpfs_fs_name",
              "type": "pm_filter"
            }
          ],
          "metric": "$gpfsMetrics_fs1",
          "refId": "A"
        },
        {
          "aggregator": "sum",
          "alias": "",
          "currentFilterGroupBy": false,
          "currentFilterKey": "",
          "currentFilterType": "literal_or",
          "currentFilterValue": "",
          "disableDownsampling": false,
          "downsampleAggregator": "avg",
          "downsampleFillPolicy": "none",
          "downsampleInterval": "1m",
          "filters": [
            {
              "groupBy": true,
              "tagk": "gpfs_fs_name",
              "type": "pm_filter"
            }
          ],
          "metric": "$gpfsMetrics_fs2",
          "refId": "B"
        }
      ],
      "thresholds": [],
      "timeFrom": null,
      "timeRegions": [],
      "timeShift": null,
      "title": "OVERVIEW( $gpfsMetrics_fs1 & $gpfsMetrics_fs2 )",
      "tooltip": {
        "msResolution": false,
        "shared": true,
        "sort": 0,
        "value_type": "cumulative"
      },
      "type": "graph",
      "xaxis": {
        "buckets": null,
        "mode": "time",
        "name": null,
        "show": true,
        "values": []
      },
      "yaxes": [
        {
          "format": "short",
          "label": null,
          "logBase": 1,
          "max": null,
          "min": null,
          "show": true
        },
        {
          "format": "short",
          "label": null,
          "logBase": 1,
          "max": null,
          "min": null,
          "show": true
        }
      ],
      "yaxis": {
        "align": false,
        "alignLevel": null
      }
    },
    {
      "aliasColors": {},
      "bars": false,
      "dashLength": 10,
      "dashes": false,
      "editable": true,
      "error": false,
      "fill": 1,
      "grid": {},
      "gridPos": {
        "h": 7,
        "w": 6,
        "x": 0,
        "y": 10
      },
      "id": 7,
      "isNew": true,
      "legend": {
        "avg": false,
        "current": false,
        "max": false,
        "min": false,
        "show": true,
        "total": false,
        "values": false
      },
      "lines": true,
      "linewidth": 2,
      "links": [],
      "nullPointMode": "connected",
      "paceLength": 10,
      "percentage": false,
      "pointradius": 5,
      "points": false,
      "renderer": "flot",
      "seriesOverrides": [],
      "stack": false,
      "steppedLine": false,
      "targets": [
        {
          "aggregator": "avg",
          "currentFilterGroupBy": false,
          "currentFilterKey": "",
          "currentFilterType": "literal_or",
          "currentFilterValue": "",
          "downsampleAggregator": "avg",
          "downsampleFillPolicy": "none",
          "downsampleInterval": "",
          "filters": [
            {
              "filter": "$byFsName",
              "groupBy": true,
              "tagk": "gpfs_fs_name",
              "type": "iliteral_or"
            }
          ],
          "metric": "$gpfsMetrics_fs2",
          "refId": "A"
        }
      ],
      "thresholds": [],
      "timeFrom": null,
      "timeRegions": [],
      "timeShift": null,
      "title": "\"$gpfsMetrics_fs2\" by File System name: \"$byFsName\"",
      "tooltip": {
        "msResolution": false,
        "shared": true,
        "sort": 0,
        "value_type": "cumulative"
      },
      "type": "graph",
      "xaxis": {
        "buckets": null,
        "mode": "time",
        "name": null,
        "show": true,
        "values": []
      },
      "yaxes": [
        {
          "format": "short",
          "label": null,
          "logBase": 1,
          "max": null,
          "min": null,
          "show": true
        },
        {
          "format": "short",
          "label": null,
          "logBase": 1,
          "max": null,
          "min": null,
          "show": true
        }
      ],
      "yaxis": {
        "align": false,
        "alignLevel": null
      }
    },
    {
      "aliasColors": {},
      "bars": false,
      "dashLength": 10,
      "dashes": false,
      "editable": true,
      "error": false,
      "fill": 1,
      "grid": {},
      "gridPos": {
        "h": 7,
        "w": 6,
        "x": 6,
        "y": 10
      },
      "id": 3,
      "isNew": true,
      "legend": {
        "avg": false,
        "current": false,
        "max": false,
        "min": false,
        "show": true,
        "total": false,
        "values": false
      },
      "lines": true,
      "linewidth": 2,
      "links": [],
      "nullPointMode": "connected",
      "paceLength": 10,
      "percentage": false,
      "pointradius": 5,
      "points": false,
      "renderer": "flot",
      "seriesOverrides": [
        {}
      ],
      "stack": false,
      "steppedLine": false,
      "targets": [
        {
          "aggregator": "sum",
          "alias": "",
          "currentFilterGroupBy": false,
          "currentFilterKey": "",
          "currentFilterType": "literal_or",
          "currentFilterValue": "",
          "downsampleAggregator": "noop",
          "downsampleFillPolicy": "none",
          "filters": [
            {
              "filter": "$byNode",
              "groupBy": true,
              "tagk": "node",
              "type": "iliteral_or"
            }
          ],
          "metric": "$gpfsMetrics_fs1",
          "refId": "B"
        }
      ],
      "thresholds": [
        {
          "colorMode": "custom",
          "fillColor": "rgba(255, 255, 255, 1)",
          "line": true,
          "lineColor": "rgba(216, 200, 27, 0.95)",
          "op": "gt",
          "value": 2000
        },
        {
          "colorMode": "custom",
          "fillColor": "rgba(255, 255, 255, 1)",
          "line": true,
          "lineColor": "rgba(157, 4, 4, 0.96)",
          "op": "gt",
          "value": 6000
        }
      ],
      "timeFrom": null,
      "timeRegions": [],
      "timeShift": null,
      "title": "\"$gpfsMetrics_fs1\" by Node: \"$byNode\"",
      "tooltip": {
        "msResolution": false,
        "shared": true,
        "sort": 0,
        "value_type": "cumulative"
      },
      "type": "graph",
      "xaxis": {
        "buckets": null,
        "mode": "time",
        "name": null,
        "show": true,
        "values": []
      },
      "yaxes": [
        {
          "format": "ops",
          "label": null,
          "logBase": 1,
          "max": null,
          "min": null,
          "show": true
        },
        {
          "format": "short",
          "label": null,
          "logBase": 1,
          "max": null,
          "min": null,
          "show": true
        }
      ],
      "yaxis": {
        "align": false,
        "alignLevel": null
      }
    },
    {
      "aliasColors": {},
      "bars": false,
      "dashLength": 10,
      "dashes": false,
      "editable": true,
      "error": false,
      "fill": 1,
      "grid": {},
      "gridPos": {
        "h": 7,
        "w": 6,
        "x": 12,
        "y": 10
      },
      "id": 8,
      "isNew": true,
      "legend": {
        "avg": false,
        "current": false,
        "max": false,
        "min": false,
        "show": true,
        "total": false,
        "values": false
      },
      "lines": true,
      "linewidth": 2,
      "links": [],
      "nullPointMode": "connected",
      "paceLength": 10,
      "percentage": false,
      "pointradius": 5,
      "points": false,
      "renderer": "flot",
      "seriesOverrides": [
        {}
      ],
      "stack": false,
      "steppedLine": false,
      "targets": [
        {
          "aggregator": "sum",
          "alias": "",
          "currentFilterGroupBy": false,
          "currentFilterKey": "",
          "currentFilterType": "literal_or",
          "currentFilterValue": "",
          "downsampleAggregator": "avg",
          "downsampleFillPolicy": "none",
          "filters": [
            {
              "filter": "$byNode",
              "groupBy": true,
              "tagk": "node",
              "type": "iliteral_or"
            }
          ],
          "metric": "$gpfsMetrics_fs2",
          "refId": "B"
        }
      ],
      "thresholds": [],
      "timeFrom": null,
      "timeRegions": [],
      "timeShift": null,
      "title": "\"$gpfsMetrics_fs2\" by Node: \"$byNode\"",
      "tooltip": {
        "msResolution": false,
        "shared": true,
        "sort": 0,
        "value_type": "cumulative"
      },
      "type": "graph",
      "xaxis": {
        "buckets": null,
        "mode": "time",
        "name": null,
        "show": true,
        "values": []
      },
      "yaxes": [
        {
          "format": "short",
          "label": null,
          "logBase": 1,
          "max": null,
          "min": null,
          "show": true
        },
        {
          "format": "short",
          "label": null,
          "logBase": 1,
          "max": null,
          "min": null,
          "show": true
        }
      ],
      "yaxis": {
        "align": false,
        "alignLevel": null
      }
    },
    {
      "aliasColors": {},
      "bars": false,
      "dashLength": 10,
      "dashes": false,
      "editable": true,
      "error": false,
      "fill": 1,
      "grid": {},
      "gridPos": {
        "h": 7,
        "w": 6,
        "x": 18,
        "y": 10
      },
      "id": 4,
      "isNew": true,
      "legend": {
        "avg": false,
        "current": false,
        "max": false,
        "min": false,
        "show": true,
        "total": false,
        "values": false
      },
      "lines": true,
      "linewidth": 2,
      "links": [],
      "nullPointMode": "connected",
      "paceLength": 10,
      "percentage": false,
      "pointradius": 5,
      "points": false,
      "renderer": "flot",
      "seriesOverrides": [],
      "stack": false,
      "steppedLine": false,
      "targets": [
        {
          "aggregator": "sum",
          "currentFilterGroupBy": false,
          "currentFilterKey": "",
          "currentFilterType": "literal_or",
          "currentFilterValue": "",
          "downsampleAggregator": "noop",
          "downsampleFillPolicy": "none",
          "filters": [
            {
              "filter": "$byFsName",
              "groupBy": true,
              "tagk": "gpfs_fs_name",
              "type": "pm_filter"
            }
          ],
          "metric": "$gpfsMetrics_fs1",
          "refId": "A"
        }
      ],
      "thresholds": [],
      "timeFrom": null,
      "timeRegions": [],
      "timeShift": null,
      "title": "\"$gpfsMetrics_fs1\" by File System name: \"$byFsName\"",
      "tooltip": {
        "msResolution": false,
        "shared": true,
        "sort": 0,
        "value_type": "cumulative"
      },
      "type": "graph",
      "xaxis": {
        "buckets": null,
        "mode": "time",
        "name": null,
        "show": true,
        "values": []
      },
      "yaxes": [
        {
          "format": "short",
          "label": null,
          "logBase": 1,
          "max": null,
          "min": null,
          "show": true
        },
        {
          "format": "short",
          "label": null,
          "logBase": 1,
          "max": null,
          "min": null,
          "show": true
        }
      ],
      "yaxis": {
        "align": false,
        "alignLevel": null
      }
    }
  ],
  "schemaVersion": 18,
  "style": "dark",
  "tags": [
    "default",
    "node"
  ],
  "templating": {
    "list": [
      {
        "allValue": null,
        "current": {},
        "datasource": "${DS_MY5.0.3TEST_CLUSTER}",
        "definition": "",
        "hide": 0,
        "includeAll": false,
        "label": "metric1",
        "multi": false,
        "name": "gpfsMetrics_fs1",
        "options": [],
        "query": "metrics(gpfs_fs_.*)",
        "refresh": 1,
        "regex": "/.*[^gpfs_fs_inode_used|gpfs_fs_inode_alloc|gpfs_fs_inode_free|gpfs_fs_inode_max]/",
        "skipUrlSync": false,
        "sort": 0,
        "tagValuesQuery": "",
        "tags": [],
        "tagsQuery": "",
        "type": "query",
        "useTags": false
      },
      {
        "allValue": null,
        "current": {},
        "datasource": "${DS_MY5.0.3TEST_CLUSTER}",
        "definition": "",
        "hide": 0,
        "includeAll": false,
        "label": "metric2",
        "multi": false,
        "name": "gpfsMetrics_fs2",
        "options": [],
        "query": "metrics(gpfs_fs_.*)",
        "refresh": 1,
        "regex": "",
        "skipUrlSync": false,
        "sort": 0,
        "tagValuesQuery": "",
        "tags": [],
        "tagsQuery": "",
        "type": "query",
        "useTags": false
      },
      {
        "allValue": null,
        "current": {},
        "datasource": "${DS_MY5.0.3TEST_CLUSTER}",
        "definition": "",
        "hide": 0,
        "includeAll": false,
        "label": null,
        "multi": false,
        "name": "byFsName",
        "options": [],
        "query": "tag_values($gpfsMetrics_fs1, gpfs_fs_name)",
        "refresh": 1,
        "regex": "",
        "skipUrlSync": false,
        "sort": 0,
        "tagValuesQuery": "",
        "tags": [],
        "tagsQuery": "",
        "type": "query",
        "useTags": false
      },
      {
        "allValue": null,
        "current": {},
        "datasource": "${DS_MY5.0.3TEST_CLUSTER}",
        "definition": "",
        "hide": 0,
        "includeAll": false,
        "label": null,
        "multi": false,
        "name": "byNode",
        "options": [],
        "query": "tag_values( $gpfsMetrics_fs1, node)",
        "refresh": 1,
        "regex": "",
        "skipUrlSync": false,
        "sort": 0,
        "tagValuesQuery": "",
        "tags": [],
        "tagsQuery": "",
        "type": "query",
        "useTags": false
      },
      {
        "allValue": null,
        "current": {},
        "datasource": "${DS_MY5.0.3TEST_CLUSTER}",
        "definition": "",
        "hide": 2,
        "includeAll": false,
        "label": "filterBy",
        "multi": false,
        "name": "filterBy",
        "options": [],
        "query": "tag_names($gpfsMetrics)",
        "refresh": 1,
        "regex": "",
        "skipUrlSync": false,
        "sort": 0,
        "tagValuesQuery": "apps.",
        "tags": [],
        "tagsQuery": "tag_names($gpfsMetrics)",
        "type": "query",
        "useTags": false
      },
      {
        "allValue": null,
        "current": {},
        "datasource": "${DS_MY5.0.3TEST_CLUSTER}",
        "definition": "",
        "hide": 2,
        "includeAll": false,
        "label": "values",
        "multi": false,
        "name": "values",
        "options": [],
        "query": "tag_values($gpfsMetrics, $filterBy)",
        "refresh": 1,
        "regex": "",
        "skipUrlSync": false,
        "sort": 0,
        "tagValuesQuery": "",
        "tags": [],
        "tagsQuery": "",
        "type": "query",
        "useTags": false
      }
    ]
  },
  "time": {
    "from": "now-7d",
    "to": "now"
  },
  "timepicker": {
    "refresh_intervals": [
      "5s",
      "10s",
      "30s",
      "1m",
      "5m",
      "15m",
      "30m",
      "1h",
      "2h",
      "1d"
    ],
    "time_options": [
      "5m",
      "15m",
      "1h",
      "6h",
      "12h",
      "24h",
      "2d",
      "7d",
      "30d"
    ]
  },
  "timezone": "browser",
  "title": "File Systems View",
  "uid": "mAq5oSjmk",
  "version": 1
}