{
  "__inputs": [
    {
      "name": "DS_MY5.0.3TEST_CLUSTER",
      "label": "my5.0.3test_cluster",
      "description": "",
      "type": "datasource",
      "pluginId": "opentsdb",
      "pluginName": "OpenTSDB"
    }
  ],
  "__requires": [
    {
      "type": "grafana",
      "id": "grafana",
      "name": "Grafana",
      "version": "6.0.2"
    },
    {
      "type": "panel",
      "id": "graph",
      "name": "Graph",
      "version": "5.0.0"
    },
    {
      "type": "datasource",
      "id": "opentsdb",
      "name": "OpenTSDB",
      "version": "5.0.0"
    },
    {
      "type": "panel",
      "id": "text",
      "name": "Text",
      "version": "5.0.0"
    }
  ],
  "annotations": {
    "list": [
      {
        "builtIn": 1,
        "datasource": "-- Grafana --",
        "enable": true,
        "hide": true,
        "iconColor": "rgba(0, 211, 255, 1)",
        "name": "Annotations & Alerts",
        "type": "dashboard"
      }
    ]
  },
  "editable": true,
  "gnetId": null,
  "graphTooltip": 0,
  "id": null,
  "iteration": 1554293218837,
  "links": [
    {
      "asDropdown": false,
      "icon": "external link",
      "tags": [
        "main"
      ],
      "type": "dashboards"
    }
  ],
  "panels": [
    {
      "content": "This dashboard displays the NETWORK  performance details.\nFor example, the *'NETWORK throughput'* graph shows you number of bytes of data sent and received by the network interface, or  the *'NETWORK errors'* graph provides you the number of receive and \nsend errors detected by the network interface. Additionally you can observe Bytes Read/Received  on the network per node or per adapter by selecting metric1, metric2, byNetDev(adapter name) and byNode(node name)\n",
      "editable": true,
      "error": false,
      "gridPos": {
        "h": 3,
        "w": 24,
        "x": 0,
        "y": 0
      },
      "height": "50px",
      "id": 2,
      "isNew": true,
      "links": [
        {
          "type": "dashboard"
        }
      ],
      "maxPerRow": 3,
      "mode": "markdown",
      "repeat": null,
      "style": {
        "font-size": "36pt"
      },
      "title": "",
      "type": "text"
    },
    {
      "aliasColors": {},
      "bars": true,
      "dashLength": 10,
      "dashes": false,
      "editable": true,
      "error": false,
      "fill": 6,
      "grid": {},
      "gridPos": {
        "h": 7,
        "w": 12,
        "x": 0,
        "y": 3
      },
      "height": "",
      "id": 5,
      "isNew": true,
      "legend": {
        "alignAsTable": false,
        "avg": false,
        "current": false,
        "max": false,
        "min": false,
        "rightSide": false,
        "show": false,
        "total": false,
        "values": false
      },
      "lines": false,
      "linewidth": 6,
      "links": [],
      "maxPerRow": 2,
      "nullPointMode": "connected",
      "paceLength": 10,
      "percentage": false,
      "pointradius": 5,
      "points": false,
      "renderer": "flot",
      "repeat": null,
      "seriesOverrides": [],
      "stack": true,
      "steppedLine": false,
      "targets": [
        {
          "aggregator": "sum",
          "currentFilterGroupBy": false,
          "currentFilterKey": "",
          "currentFilterType": "literal_or",
          "currentFilterValue": "",
          "downsampleAggregator": "sum",
          "downsampleFillPolicy": "none",
          "downsampleInterval": "10m",
          "filters": [],
          "isCounter": false,
          "metric": "netdev_bytes_r",
          "refId": "A",
          "shouldComputeRate": false
        },
        {
          "aggregator": "sum",
          "downsampleAggregator": "sum",
          "downsampleFillPolicy": "none",
          "downsampleInterval": "10m",
          "metric": "netdev_bytes_s",
          "refId": "B"
        }
      ],
      "thresholds": [],
      "timeFrom": null,
      "timeRegions": [],
      "timeShift": null,
      "title": "NETWORK throughput",
      "tooltip": {
        "msResolution": false,
        "shared": true,
        "sort": 0,
        "value_type": "individual"
      },
      "type": "graph",
      "xaxis": {
        "buckets": null,
        "mode": "time",
        "name": null,
        "show": true,
        "values": []
      },
      "yaxes": [
        {
          "format": "bytes",
          "label": "",
          "logBase": 1,
          "max": null,
          "min": null,
          "show": true
        },
        {
          "format": "short",
          "label": null,
          "logBase": 1,
          "max": 0,
          "min": null,
          "show": false
        }
      ],
      "yaxis": {
        "align": false,
        "alignLevel": null
      }
    },
    {
      "aliasColors": {},
      "bars": false,
      "dashLength": 10,
      "dashes": false,
      "editable": true,
      "error": false,
      "fill": 6,
      "grid": {},
      "gridPos": {
        "h": 7,
        "w": 12,
        "x": 12,
        "y": 3
      },
      "id": 9,
      "isNew": true,
      "legend": {
        "avg": false,
        "current": false,
        "max": false,
        "min": false,
        "show": false,
        "total": false,
        "values": false
      },
      "lines": true,
      "linewidth": 6,
      "links": [],
      "maxPerRow": 2,
      "nullPointMode": "connected",
      "paceLength": 10,
      "percentage": false,
      "pointradius": 5,
      "points": false,
      "renderer": "flot",
      "seriesOverrides": [],
      "stack": false,
      "steppedLine": false,
      "targets": [
        {
          "aggregator": "sum",
          "currentFilterGroupBy": false,
          "currentFilterKey": "",
          "currentFilterType": "literal_or",
          "currentFilterValue": "",
          "downsampleAggregator": "avg",
          "downsampleFillPolicy": "none",
          "downsampleInterval": "1m",
          "filters": [],
          "metric": "netdev_errors_r",
          "refId": "A"
        },
        {
          "aggregator": "sum",
          "alias": "",
          "currentFilterGroupBy": false,
          "currentFilterKey": "",
          "currentFilterType": "literal_or",
          "currentFilterValue": "",
          "disableDownsampling": false,
          "downsampleAggregator": "avg",
          "downsampleFillPolicy": "none",
          "downsampleInterval": "1m",
          "filters": [],
          "metric": "netdev_errors_s",
          "refId": "B"
        }
      ],
      "thresholds": [],
      "timeFrom": null,
      "timeRegions": [],
      "timeShift": null,
      "title": "NETWORK Errors",
      "tooltip": {
        "msResolution": false,
        "shared": true,
        "sort": 0,
        "value_type": "cumulative"
      },
      "type": "graph",
      "xaxis": {
        "buckets": null,
        "mode": "time",
        "name": null,
        "show": true,
        "values": []
      },
      "yaxes": [
        {
          "format": "short",
          "label": null,
          "logBase": 1,
          "max": null,
          "min": null,
          "show": true
        },
        {
          "format": "short",
          "label": null,
          "logBase": 1,
          "max": null,
          "min": null,
          "show": true
        }
      ],
      "yaxis": {
        "align": false,
        "alignLevel": null
      }
    },
    {
      "aliasColors": {},
      "bars": false,
      "dashLength": 10,
      "dashes": false,
      "editable": true,
      "error": false,
      "fill": 1,
      "grid": {},
      "gridPos": {
        "h": 7,
        "w": 6,
        "x": 0,
        "y": 10
      },
      "id": 8,
      "isNew": true,
      "legend": {
        "avg": false,
        "current": false,
        "max": false,
        "min": false,
        "show": false,
        "total": false,
        "values": false
      },
      "lines": true,
      "linewidth": 2,
      "links": [],
      "nullPointMode": "connected",
      "paceLength": 10,
      "percentage": false,
      "pointradius": 5,
      "points": false,
      "renderer": "flot",
      "seriesOverrides": [
        {}
      ],
      "stack": false,
      "steppedLine": false,
      "targets": [
        {
          "aggregator": "avg",
          "alias": "",
          "currentFilterGroupBy": false,
          "currentFilterKey": "",
          "currentFilterType": "literal_or",
          "currentFilterValue": "",
          "downsampleAggregator": "avg",
          "downsampleFillPolicy": "none",
          "downsampleInterval": "5m",
          "filters": [
            {
              "filter": "$byNode",
              "groupBy": true,
              "tagk": "node",
              "type": "pm_filter"
            }
          ],
          "metric": "$gpfsMetrics_netdev_all",
          "refId": "B"
        }
      ],
      "thresholds": [],
      "timeFrom": null,
      "timeRegions": [],
      "timeShift": null,
      "title": "\"$gpfsMetrics_netdev_all\" by Node: \"$byNode\"",
      "tooltip": {
        "msResolution": false,
        "shared": true,
        "sort": 0,
        "value_type": "cumulative"
      },
      "type": "graph",
      "xaxis": {
        "buckets": null,
        "mode": "time",
        "name": null,
        "show": true,
        "values": []
      },
      "yaxes": [
        {
          "format": "short",
          "label": null,
          "logBase": 1,
          "max": null,
          "min": null,
          "show": true
        },
        {
          "format": "short",
          "label": null,
          "logBase": 1,
          "max": null,
          "min": null,
          "show": false
        }
      ],
      "yaxis": {
        "align": false,
        "alignLevel": null
      }
    },
    {
      "aliasColors": {},
      "bars": false,
      "dashLength": 10,
      "dashes": false,
      "editable": true,
      "error": false,
      "fill": 1,
      "grid": {},
      "gridPos": {
        "h": 7,
        "w": 6,
        "x": 6,
        "y": 10
      },
      "id": 3,
      "isNew": true,
      "legend": {
        "avg": false,
        "current": false,
        "max": false,
        "min": false,
        "show": false,
        "total": false,
        "values": false
      },
      "lines": true,
      "linewidth": 2,
      "links": [],
      "nullPointMode": "connected",
      "paceLength": 10,
      "percentage": false,
      "pointradius": 5,
      "points": false,
      "renderer": "flot",
      "seriesOverrides": [
        {}
      ],
      "stack": false,
      "steppedLine": false,
      "targets": [
        {
          "aggregator": "avg",
          "alias": "",
          "currentFilterGroupBy": true,
          "currentFilterKey": "node",
          "currentFilterType": "pm_filter",
          "currentFilterValue": "$byNode",
          "downsampleAggregator": "avg",
          "downsampleFillPolicy": "none",
          "filters": [],
          "metric": "$gpfsMetrics_netdev_all2",
          "refId": "B"
        }
      ],
      "thresholds": [],
      "timeFrom": null,
      "timeRegions": [],
      "timeShift": null,
      "title": "\"$gpfsMetrics_netdev_all2\" by Node: \"$byNode\"",
      "tooltip": {
        "msResolution": false,
        "shared": true,
        "sort": 0,
        "value_type": "cumulative"
      },
      "type": "graph",
      "xaxis": {
        "buckets": null,
        "mode": "time",
        "name": null,
        "show": true,
        "values": []
      },
      "yaxes": [
        {
          "format": "short",
          "label": null,
          "logBase": 1,
          "max": null,
          "min": null,
          "show": true
        },
        {
          "format": "short",
          "label": null,
          "logBase": 1,
          "max": null,
          "min": null,
          "show": false
        }
      ],
      "yaxis": {
        "align": false,
        "alignLevel": null
      }
    },
    {
      "aliasColors": {},
      "bars": false,
      "dashLength": 10,
      "dashes": false,
      "editable": true,
      "error": false,
      "fill": 1,
      "grid": {},
      "gridPos": {
        "h": 7,
        "w": 6,
        "x": 12,
        "y": 10
      },
      "id": 7,
      "isNew": true,
      "legend": {
        "avg": false,
        "current": false,
        "max": false,
        "min": false,
        "show": false,
        "total": false,
        "values": false
      },
      "lines": true,
      "linewidth": 2,
      "links": [],
      "nullPointMode": "connected",
      "paceLength": 10,
      "percentage": false,
      "pointradius": 5,
      "points": false,
      "renderer": "flot",
      "seriesOverrides": [],
      "stack": false,
      "steppedLine": false,
      "targets": [
        {
          "aggregator": "avg",
          "alias": "\" [[tag_netdev_name]]\"",
          "currentFilterGroupBy": false,
          "currentFilterKey": "",
          "currentFilterType": "literal_or",
          "currentFilterValue": "",
          "downsampleAggregator": "avg",
          "downsampleFillPolicy": "none",
          "downsampleInterval": "5m",
          "filters": [
            {
              "filter": "$byNetDev",
              "groupBy": true,
              "tagk": "netdev_name",
              "type": "pm_filter"
            }
          ],
          "metric": "$gpfsMetrics_netdev_all",
          "refId": "A"
        }
      ],
      "thresholds": [],
      "timeFrom": null,
      "timeRegions": [],
      "timeShift": null,
      "title": "\"$gpfsMetrics_netdev_all\" by adapter: \"$byNetDev\"",
      "tooltip": {
        "msResolution": false,
        "shared": true,
        "sort": 0,
        "value_type": "cumulative"
      },
      "type": "graph",
      "xaxis": {
        "buckets": null,
        "mode": "time",
        "name": null,
        "show": true,
        "values": []
      },
      "yaxes": [
        {
          "format": "short",
          "label": null,
          "logBase": 1,
          "max": null,
          "min": null,
          "show": true
        },
        {
          "format": "short",
          "label": null,
          "logBase": 1,
          "max": null,
          "min": null,
          "show": false
        }
      ],
      "yaxis": {
        "align": false,
        "alignLevel": null
      }
    },
    {
      "aliasColors": {},
      "bars": false,
      "dashLength": 10,
      "dashes": false,
      "editable": true,
      "error": false,
      "fill": 1,
      "grid": {},
      "gridPos": {
        "h": 7,
        "w": 6,
        "x": 18,
        "y": 10
      },
      "id": 4,
      "isNew": true,
      "legend": {
        "avg": false,
        "current": false,
        "max": false,
        "min": false,
        "show": false,
        "total": false,
        "values": false
      },
      "lines": true,
      "linewidth": 2,
      "links": [],
      "nullPointMode": "connected",
      "paceLength": 10,
      "percentage": false,
      "pointradius": 5,
      "points": false,
      "renderer": "flot",
      "seriesOverrides": [],
      "stack": false,
      "steppedLine": false,
      "targets": [
        {
          "aggregator": "avg",
          "currentFilterGroupBy": false,
          "currentFilterKey": "",
          "currentFilterType": "literal_or",
          "currentFilterValue": "",
          "downsampleAggregator": "avg",
          "downsampleFillPolicy": "none",
          "downsampleInterval": "5m",
          "filters": [
            {
              "filter": "$byNetDev",
              "groupBy": true,
              "tagk": "netdev_name",
              "type": "pm_filter"
            }
          ],
          "metric": "$gpfsMetrics_netdev_all2",
          "refId": "A"
        }
      ],
      "thresholds": [],
      "timeFrom": null,
      "timeRegions": [],
      "timeShift": null,
      "title": "\"$gpfsMetrics_netdev_all2\" by adapter: \"$byNetDev\"",
      "tooltip": {
        "msResolution": false,
        "shared": true,
        "sort": 0,
        "value_type": "cumulative"
      },
      "type": "graph",
      "xaxis": {
        "buckets": null,
        "mode": "time",
        "name": null,
        "show": true,
        "values": []
      },
      "yaxes": [
        {
          "format": "short",
          "label": null,
          "logBase": 1,
          "max": null,
          "min": null,
          "show": true
        },
        {
          "format": "short",
          "label": null,
          "logBase": 1,
          "max": null,
          "min": null,
          "show": false
        }
      ],
      "yaxis": {
        "align": false,
        "alignLevel": null
      }
    }
  ],
  "refresh": "15m",
  "schemaVersion": 18,
  "style": "dark",
  "tags": [
    "default",
    "node"
  ],
  "templating": {
    "list": [
      {
        "allValue": null,
        "current": {},
        "datasource": "${DS_MY5.0.3TEST_CLUSTER}",
        "definition": "metrics(netdev_)",
        "hide": 0,
        "includeAll": false,
        "label": "metric1",
        "multi": false,
        "name": "gpfsMetrics_netdev_all",
        "options": [],
        "query": "metrics(netdev_)",
        "refresh": 2,
        "regex": "",
        "skipUrlSync": false,
        "sort": 0,
        "tagValuesQuery": "",
        "tags": [],
        "tagsQuery": "",
        "type": "query",
        "useTags": false
      },
      {
        "allValue": null,
        "current": {},
        "datasource": "${DS_MY5.0.3TEST_CLUSTER}",
        "definition": "metrics(netdev_)",
        "hide": 0,
        "includeAll": false,
        "label": "metric2",
        "multi": false,
        "name": "gpfsMetrics_netdev_all2",
        "options": [],
        "query": "metrics(netdev_)",
        "refresh": 2,
        "regex": "",
        "skipUrlSync": false,
        "sort": 0,
        "tagValuesQuery": "",
        "tags": [],
        "tagsQuery": "",
        "type": "query",
        "useTags": false
      },
      {
        "allValue": null,
        "current": {},
        "datasource": "${DS_MY5.0.3TEST_CLUSTER}",
        "definition": "metrics(netdev_b)",
        "hide": 2,
        "includeAll": true,
        "label": "throughput",
        "multi": false,
        "name": "gpfsMetrics_netdev1",
        "options": [],
        "query": "metrics(netdev_b)",
        "refresh": 2,
        "regex": "",
        "skipUrlSync": false,
        "sort": 0,
        "tagValuesQuery": "",
        "tags": [],
        "tagsQuery": "",
        "type": "query",
        "useTags": false
      },
      {
        "allValue": null,
        "current": {},
        "datasource": "${DS_MY5.0.3TEST_CLUSTER}",
        "definition": "metrics(netdev_e)",
        "hide": 2,
        "includeAll": false,
        "label": "",
        "multi": false,
        "name": "gpfsMetrics_netdev2",
        "options": [],
        "query": "metrics(netdev_e)",
        "refresh": 2,
        "regex": "",
        "skipUrlSync": false,
        "sort": 0,
        "tagValuesQuery": "",
        "tags": [],
        "tagsQuery": "",
        "type": "query",
        "useTags": false
      },
      {
        "allValue": null,
        "current": {},
        "datasource": "${DS_MY5.0.3TEST_CLUSTER}",
        "definition": "tag_values($gpfsMetrics_netdev_all, netdev_name)",
        "hide": 0,
        "includeAll": false,
        "label": null,
        "multi": false,
        "name": "byNetDev",
        "options": [],
        "query": "tag_values($gpfsMetrics_netdev_all, netdev_name)",
        "refresh": 2,
        "regex": "",
        "skipUrlSync": false,
        "sort": 0,
        "tagValuesQuery": "",
        "tags": [],
        "tagsQuery": "",
        "type": "query",
        "useTags": false
      },
      {
        "allValue": null,
        "current": {},
        "datasource": "${DS_MY5.0.3TEST_CLUSTER}",
        "definition": "tag_values($gpfsMetrics_netdev_all, node)",
        "hide": 0,
        "includeAll": false,
        "label": null,
        "multi": false,
        "name": "byNode",
        "options": [],
        "query": "tag_values($gpfsMetrics_netdev_all, node)",
        "refresh": 2,
        "regex": "",
        "skipUrlSync": false,
        "sort": 0,
        "tagValuesQuery": "",
        "tags": [],
        "tagsQuery": "",
        "type": "query",
        "useTags": false
      }
    ]
  },
  "time": {
    "from": "now/d",
    "to": "now/d"
  },
  "timepicker": {
    "refresh_intervals": [
      "5s",
      "10s",
      "30s",
      "1m",
      "5m",
      "15m",
      "30m",
      "1h",
      "2h",
      "1d"
    ],
    "time_options": [
      "5m",
      "15m",
      "1h",
      "6h",
      "12h",
      "24h",
      "2d",
      "7d",
      "30d"
    ]
  },
  "timezone": "browser",
  "title": "Network",
  "uid": "tSH1oSjmz",
  "version": 1
}