{
  "__inputs": [
    {
      "name": "DS_MY5.0.3TEST_CLUSTER",
      "label": "my5.0.3test_cluster",
      "description": "",
      "type": "datasource",
      "pluginId": "opentsdb",
      "pluginName": "OpenTSDB"
    }
  ],
  "__requires": [
    {
      "type": "grafana",
      "id": "grafana",
      "name": "Grafana",
      "version": "6.0.2"
    },
    {
      "type": "panel",
      "id": "graph",
      "name": "Graph",
      "version": "5.0.0"
    },
    {
      "type": "datasource",
      "id": "opentsdb",
      "name": "OpenTSDB",
      "version": "5.0.0"
    },
    {
      "type": "panel",
      "id": "text",
      "name": "Text",
      "version": "5.0.0"
    }
  ],
  "annotations": {
    "list": [
      {
        "builtIn": 1,
        "datasource": "-- Grafana --",
        "enable": true,
        "hide": true,
        "iconColor": "rgba(0, 211, 255, 1)",
        "name": "Annotations & Alerts",
        "type": "dashboard"
      }
    ]
  },
  "editable": true,
  "gnetId": null,
  "graphTooltip": 0,
  "id": null,
  "iteration": 1554293336788,
  "links": [
    {
      "icon": "external link",
      "tags": [
        "main"
      ],
      "type": "dashboards"
    }
  ],
  "panels": [
    {
      "content": "\nOn this dashboard you can monitor the free capacity of the pools and disks.  You can also select pool, disk or filesystem and observe the capacity values for this entity. \nOr you can watch the performance data for  selected disk/pool in combination of one particular disk capacity metric ( *'metric1'*) or pool capacity metric (*'metric2'*).\n\n",
      "editable": true,
      "error": false,
      "gridPos": {
        "h": 3,
        "w": 24,
        "x": 0,
        "y": 0
      },
      "height": "40px",
      "id": 2,
      "isNew": true,
      "links": [
        {
          "type": "dashboard"
        }
      ],
      "maxPerRow": 3,
      "mode": "markdown",
      "repeat": null,
      "style": {
        "font-size": "52pt"
      },
      "title": "",
      "type": "text"
    },
    {
      "aliasColors": {
        "\"pool: data on filesystem: gpfs0\"": "#962D82",
        "\"pool: system on filesystem: fs1\"": "#511749",
        "\"pool: system on filesystem: gpfs0\"": "#447EBC"
      },
      "bars": true,
      "dashLength": 10,
      "dashes": false,
      "editable": true,
      "error": false,
      "fill": 1,
      "grid": {},
      "gridPos": {
        "h": 13,
        "w": 12,
        "x": 0,
        "y": 3
      },
      "height": "500px",
      "id": 3,
      "isNew": true,
      "legend": {
        "avg": false,
        "current": false,
        "max": false,
        "min": false,
        "show": false,
        "total": false,
        "values": false
      },
      "lines": false,
      "linewidth": 2,
      "links": [],
      "nullPointMode": "null",
      "paceLength": 10,
      "percentage": false,
      "pointradius": 5,
      "points": false,
      "renderer": "flot",
      "seriesOverrides": [
        {}
      ],
      "stack": false,
      "steppedLine": false,
      "targets": [
        {
          "aggregator": "sum",
          "alias": "\"pool: [[tag_gpfs_diskpool_name]] on filesystem: [[tag_gpfs_fs_name]]\"",
          "currentFilterGroupBy": false,
          "currentFilterKey": "",
          "currentFilterType": null,
          "currentFilterValue": "",
          "disableDownsampling": true,
          "downsampleAggregator": "noop",
          "downsampleFillPolicy": "none",
          "downsampleInterval": "1h",
          "filters": [
            {
              "filter": "",
              "groupBy": true,
              "tagk": "gpfs_diskpool_name",
              "type": "pm_filter"
            },
            {
              "filter": "",
              "groupBy": true,
              "tagk": "gpfs_fs_name",
              "type": "pm_filter"
            }
          ],
          "metric": "gpfs_pool_free_fullkb",
          "refId": "B"
        }
      ],
      "thresholds": [
        {
          "colorMode": "custom",
          "fill": false,
          "fillColor": "rgba(186, 104, 6, 0.95)",
          "line": true,
          "lineColor": "#FA6400",
          "op": "lt",
          "value": 500000,
          "yaxis": "left"
        },
        {
          "colorMode": "custom",
          "fill": false,
          "fillColor": "rgba(226, 0, 0, 0.95)",
          "line": true,
          "lineColor": "#C4162A",
          "op": "lt",
          "value": 100000,
          "yaxis": "left"
        }
      ],
      "timeFrom": null,
      "timeRegions": [],
      "timeShift": null,
      "title": "POOLS Free",
      "tooltip": {
        "msResolution": false,
        "shared": false,
        "sort": 0,
        "value_type": "cumulative"
      },
      "type": "graph",
      "xaxis": {
        "buckets": null,
        "mode": "series",
        "name": null,
        "show": true,
        "values": [
          "current"
        ]
      },
      "yaxes": [
        {
          "format": "kbytes",
          "label": "",
          "logBase": 1,
          "max": null,
          "min": null,
          "show": true
        },
        {
          "format": "short",
          "label": null,
          "logBase": 1,
          "max": null,
          "min": null,
          "show": true
        }
      ],
      "yaxis": {
        "align": false,
        "alignLevel": null
      }
    },
    {
      "aliasColors": {
        "\"pool: data on filesystem: gpfs0\"": "#962D82",
        "\"pool: system on filesystem: fs1\"": "#511749",
        "\"pool: system on filesystem: gpfs0\"": "#447EBC"
      },
      "bars": true,
      "dashLength": 10,
      "dashes": false,
      "editable": true,
      "error": false,
      "fill": 1,
      "grid": {},
      "gridPos": {
        "h": 13,
        "w": 12,
        "x": 12,
        "y": 3
      },
      "height": "500px",
      "id": 14,
      "isNew": true,
      "legend": {
        "avg": false,
        "current": false,
        "max": false,
        "min": false,
        "show": false,
        "total": false,
        "values": false
      },
      "lines": false,
      "linewidth": 2,
      "links": [],
      "nullPointMode": "null",
      "paceLength": 10,
      "percentage": false,
      "pointradius": 5,
      "points": false,
      "renderer": "flot",
      "seriesOverrides": [
        {}
      ],
      "stack": false,
      "steppedLine": false,
      "targets": [
        {
          "aggregator": "noop",
          "alias": "\"disk: [[tag_gpfs_disk_name]] in pool: [[tag_gpfs_diskpool_name]]([[tag_gpfs_fs_name]])\"",
          "currentFilterGroupBy": false,
          "currentFilterKey": "",
          "currentFilterType": null,
          "currentFilterValue": "",
          "downsampleAggregator": "noop",
          "downsampleFillPolicy": "none",
          "downsampleInterval": "12h",
          "filters": [
            {
              "filter": "",
              "groupBy": true,
              "tagk": "gpfs_disk_name",
              "type": "pm_filter"
            },
            {
              "filter": "",
              "groupBy": true,
              "tagk": "gpfs_diskpool_name",
              "type": "pm_filter"
            },
            {
              "filter": "",
              "groupBy": true,
              "tagk": "gpfs_fs_name",
              "type": "pm_filter"
            }
          ],
          "metric": "gpfs_disk_free_fullkb",
          "refId": "B"
        }
      ],
      "thresholds": [
        {
          "colorMode": "custom",
          "fill": false,
          "fillColor": "rgba(186, 104, 6, 0.95)",
          "line": true,
          "lineColor": "#FA6400",
          "op": "lt",
          "value": 500000,
          "yaxis": "left"
        },
        {
          "colorMode": "custom",
          "fill": false,
          "fillColor": "rgba(226, 0, 0, 0.95)",
          "line": true,
          "lineColor": "#C4162A",
          "op": "lt",
          "value": 100000,
          "yaxis": "left"
        }
      ],
      "timeFrom": null,
      "timeRegions": [],
      "timeShift": null,
      "title": "DISKS Free",
      "tooltip": {
        "msResolution": false,
        "shared": false,
        "sort": 0,
        "value_type": "cumulative"
      },
      "type": "graph",
      "xaxis": {
        "buckets": null,
        "mode": "series",
        "name": null,
        "show": true,
        "values": [
          "current"
        ]
      },
      "yaxes": [
        {
          "format": "kbytes",
          "label": "",
          "logBase": 1,
          "max": null,
          "min": null,
          "show": true
        },
        {
          "format": "short",
          "label": null,
          "logBase": 1,
          "max": null,
          "min": null,
          "show": false
        }
      ],
      "yaxis": {
        "align": false,
        "alignLevel": null
      }
    },
    {
      "aliasColors": {},
      "bars": false,
      "dashLength": 10,
      "dashes": false,
      "editable": true,
      "error": false,
      "fill": 1,
      "grid": {},
      "gridPos": {
        "h": 7,
        "w": 8,
        "x": 0,
        "y": 16
      },
      "id": 15,
      "isNew": true,
      "legend": {
        "avg": false,
        "current": false,
        "max": false,
        "min": false,
        "show": true,
        "total": false,
        "values": false
      },
      "lines": true,
      "linewidth": 2,
      "links": [],
      "maxPerRow": 6,
      "nullPointMode": "connected",
      "paceLength": 10,
      "percentage": false,
      "pointradius": 5,
      "points": false,
      "renderer": "flot",
      "seriesOverrides": [
        {}
      ],
      "stack": false,
      "steppedLine": false,
      "targets": [
        {
          "aggregator": "sum",
          "alias": "",
          "currentFilterGroupBy": false,
          "currentFilterKey": "",
          "currentFilterType": null,
          "currentFilterValue": "",
          "disableDownsampling": false,
          "downsampleAggregator": "noop",
          "downsampleFillPolicy": "none",
          "downsampleInterval": "6h",
          "filters": [
            {
              "filter": "$byFsName",
              "groupBy": true,
              "tagk": "gpfs_fs_name",
              "type": "pm_filter"
            }
          ],
          "metric": "gpfs_pool_disksize",
          "refId": "B"
        },
        {
          "aggregator": "sum",
          "alias": "",
          "currentFilterGroupBy": false,
          "currentFilterKey": "",
          "currentFilterType": null,
          "currentFilterValue": "",
          "downsampleAggregator": "noop",
          "downsampleFillPolicy": "none",
          "downsampleInterval": "6h",
          "filters": [
            {
              "filter": "$byFsName",
              "groupBy": true,
              "tagk": "gpfs_fs_name",
              "type": "pm_filter"
            }
          ],
          "metric": "gpfs_pool_free_fragkb",
          "refId": "A"
        },
        {
          "aggregator": "sum",
          "alias": "",
          "currentFilterGroupBy": false,
          "currentFilterKey": "",
          "currentFilterType": null,
          "currentFilterValue": "",
          "downsampleAggregator": "noop",
          "downsampleFillPolicy": "none",
          "downsampleInterval": "6h",
          "filters": [
            {
              "filter": "$byFsName",
              "groupBy": true,
              "tagk": "gpfs_fs_name",
              "type": "pm_filter"
            }
          ],
          "metric": "gpfs_pool_free_fullkb",
          "refId": "C"
        }
      ],
      "thresholds": [],
      "timeFrom": null,
      "timeRegions": [],
      "timeShift": null,
      "title": "byFILESYSTEM \"$byFsName\"",
      "tooltip": {
        "msResolution": false,
        "shared": true,
        "sort": 0,
        "value_type": "cumulative"
      },
      "type": "graph",
      "xaxis": {
        "buckets": null,
        "mode": "time",
        "name": null,
        "show": true,
        "values": []
      },
      "yaxes": [
        {
          "format": "kbytes",
          "label": null,
          "logBase": 1,
          "max": null,
          "min": null,
          "show": true
        },
        {
          "format": "short",
          "label": null,
          "logBase": 1,
          "max": null,
          "min": null,
          "show": true
        }
      ],
      "yaxis": {
        "align": false,
        "alignLevel": null
      }
    },
    {
      "aliasColors": {},
      "bars": false,
      "dashLength": 10,
      "dashes": false,
      "editable": true,
      "error": false,
      "fill": 1,
      "grid": {},
      "gridPos": {
        "h": 7,
        "w": 8,
        "x": 8,
        "y": 16
      },
      "id": 8,
      "isNew": true,
      "legend": {
        "avg": false,
        "current": false,
        "max": false,
        "min": false,
        "show": true,
        "total": false,
        "values": false
      },
      "lines": true,
      "linewidth": 2,
      "links": [],
      "maxPerRow": 6,
      "nullPointMode": "connected",
      "paceLength": 10,
      "percentage": false,
      "pointradius": 5,
      "points": false,
      "renderer": "flot",
      "seriesOverrides": [
        {}
      ],
      "stack": false,
      "steppedLine": false,
      "targets": [
        {
          "aggregator": "sum",
          "alias": "",
          "currentFilterGroupBy": false,
          "currentFilterKey": "",
          "currentFilterType": null,
          "currentFilterValue": "",
          "downsampleAggregator": "noop",
          "downsampleFillPolicy": "none",
          "downsampleInterval": "1h",
          "filters": [
            {
              "filter": "$byPoolName",
              "groupBy": true,
              "tagk": "gpfs_diskpool_name",
              "type": "pm_filter"
            }
          ],
          "metric": "gpfs_pool_disksize",
          "refId": "B"
        },
        {
          "aggregator": "sum",
          "alias": "",
          "currentFilterGroupBy": false,
          "currentFilterKey": "",
          "currentFilterType": null,
          "currentFilterValue": "",
          "downsampleAggregator": "noop",
          "downsampleFillPolicy": "none",
          "downsampleInterval": "1h",
          "filters": [
            {
              "filter": "$byPoolName",
              "groupBy": true,
              "tagk": "gpfs_diskpool_name",
              "type": "pm_filter"
            }
          ],
          "metric": "gpfs_pool_free_fragkb",
          "refId": "A"
        },
        {
          "aggregator": "sum",
          "alias": "",
          "currentFilterGroupBy": false,
          "currentFilterKey": "",
          "currentFilterType": null,
          "currentFilterValue": "",
          "downsampleAggregator": "noop",
          "downsampleFillPolicy": "none",
          "downsampleInterval": "1h",
          "filters": [
            {
              "filter": "$byPoolName",
              "groupBy": true,
              "tagk": "gpfs_diskpool_name",
              "type": "pm_filter"
            }
          ],
          "metric": "gpfs_pool_free_fullkb",
          "refId": "C"
        }
      ],
      "thresholds": [],
      "timeFrom": null,
      "timeRegions": [],
      "timeShift": null,
      "title": "byPOOL \"$byPoolName\"",
      "tooltip": {
        "msResolution": false,
        "shared": true,
        "sort": 0,
        "value_type": "cumulative"
      },
      "type": "graph",
      "xaxis": {
        "buckets": null,
        "mode": "time",
        "name": null,
        "show": true,
        "values": []
      },
      "yaxes": [
        {
          "format": "kbytes",
          "label": null,
          "logBase": 1,
          "max": null,
          "min": null,
          "show": true
        },
        {
          "format": "short",
          "label": null,
          "logBase": 1,
          "max": null,
          "min": null,
          "show": true
        }
      ],
      "yaxis": {
        "align": false,
        "alignLevel": null
      }
    },
    {
      "aliasColors": {},
      "bars": false,
      "dashLength": 10,
      "dashes": false,
      "editable": true,
      "error": false,
      "fill": 2,
      "grid": {},
      "gridPos": {
        "h": 7,
        "w": 8,
        "x": 16,
        "y": 16
      },
      "id": 12,
      "isNew": true,
      "legend": {
        "avg": false,
        "current": false,
        "max": false,
        "min": false,
        "show": true,
        "total": false,
        "values": false
      },
      "lines": true,
      "linewidth": 2,
      "links": [],
      "maxPerRow": 6,
      "nullPointMode": "null",
      "paceLength": 10,
      "percentage": false,
      "pointradius": 5,
      "points": false,
      "renderer": "flot",
      "seriesOverrides": [
        {}
      ],
      "stack": false,
      "steppedLine": false,
      "targets": [
        {
          "aggregator": "noop",
          "alias": "gpfs_disk_disksize",
          "currentFilterGroupBy": false,
          "currentFilterKey": "",
          "currentFilterType": "literal_or",
          "currentFilterValue": "",
          "downsampleAggregator": "noop",
          "downsampleFillPolicy": "none",
          "downsampleInterval": "1h",
          "filters": [
            {
              "filter": "$byDisk",
              "groupBy": true,
              "tagk": "gpfs_disk_name",
              "type": "pm_filter"
            }
          ],
          "metric": "gpfs_disk_disksize",
          "refId": "B"
        },
        {
          "aggregator": "noop",
          "alias": "gpfs_disk_free_fragkb",
          "currentFilterGroupBy": false,
          "currentFilterKey": "",
          "currentFilterType": "literal_or",
          "currentFilterValue": "",
          "downsampleAggregator": "noop",
          "downsampleFillPolicy": "none",
          "downsampleInterval": "1h",
          "filters": [
            {
              "filter": "$byDisk",
              "groupBy": true,
              "tagk": "gpfs_disk_name",
              "type": "pm_filter"
            }
          ],
          "metric": "gpfs_disk_free_fragkb",
          "refId": "A"
        },
        {
          "aggregator": "noop",
          "alias": "gpfs_disk_free_fullkb",
          "currentFilterGroupBy": false,
          "currentFilterKey": "",
          "currentFilterType": "literal_or",
          "currentFilterValue": "",
          "downsampleAggregator": "noop",
          "downsampleFillPolicy": "none",
          "downsampleInterval": "1h",
          "filters": [
            {
              "filter": "$byDisk",
              "groupBy": true,
              "tagk": "gpfs_disk_name",
              "type": "pm_filter"
            }
          ],
          "metric": "gpfs_disk_free_fullkb",
          "refId": "C"
        }
      ],
      "thresholds": [],
      "timeFrom": null,
      "timeRegions": [],
      "timeShift": null,
      "title": "byDISK\"$byDisk\"",
      "tooltip": {
        "msResolution": false,
        "shared": true,
        "sort": 0,
        "value_type": "cumulative"
      },
      "type": "graph",
      "xaxis": {
        "buckets": null,
        "mode": "time",
        "name": null,
        "show": true,
        "values": []
      },
      "yaxes": [
        {
          "format": "kbytes",
          "label": null,
          "logBase": 1,
          "max": null,
          "min": null,
          "show": true
        },
        {
          "format": "short",
          "label": null,
          "logBase": 1,
          "max": null,
          "min": null,
          "show": false
        }
      ],
      "yaxis": {
        "align": false,
        "alignLevel": null
      }
    },
    {
      "aliasColors": {},
      "bars": false,
      "dashLength": 10,
      "dashes": false,
      "editable": true,
      "error": false,
      "fill": 1,
      "grid": {},
      "gridPos": {
        "h": 7,
        "w": 12,
        "x": 0,
        "y": 23
      },
      "id": 13,
      "isNew": true,
      "legend": {
        "avg": false,
        "current": false,
        "max": false,
        "min": false,
        "show": true,
        "total": false,
        "values": false
      },
      "lines": true,
      "linewidth": 2,
      "links": [],
      "nullPointMode": "connected",
      "paceLength": 10,
      "percentage": false,
      "pointradius": 5,
      "points": false,
      "renderer": "flot",
      "seriesOverrides": [],
      "stack": false,
      "steppedLine": false,
      "targets": [
        {
          "aggregator": "sum",
          "alias": "\"disk: [[tag_gpfs_disk_name]] in pool: [[tag_gpfs_diskpool_name]]([[tag_gpfs_fs_name]])\"",
          "currentFilterGroupBy": false,
          "currentFilterKey": "",
          "currentFilterType": null,
          "currentFilterValue": "",
          "disableDownsampling": false,
          "downsampleAggregator": "noop",
          "downsampleFillPolicy": "none",
          "downsampleInterval": "6h",
          "filters": [
            {
              "filter": "",
              "groupBy": true,
              "tagk": "gpfs_diskpool_name",
              "type": "pm_filter"
            },
            {
              "filter": "",
              "groupBy": true,
              "tagk": "gpfs_fs_name",
              "type": "pm_filter"
            },
            {
              "filter": "$byDisk",
              "groupBy": false,
              "tagk": "gpfs_disk_name",
              "type": "pm_filter"
            }
          ],
          "metric": "$gpfsMetrics_disk_cap",
          "refId": "A"
        }
      ],
      "thresholds": [],
      "timeFrom": null,
      "timeRegions": [],
      "timeShift": null,
      "title": "byMETRIC1 \"$gpfsMetrics_disk_cap\"",
      "tooltip": {
        "msResolution": false,
        "shared": true,
        "sort": 0,
        "value_type": "cumulative"
      },
      "type": "graph",
      "xaxis": {
        "buckets": null,
        "mode": "time",
        "name": null,
        "show": true,
        "values": []
      },
      "yaxes": [
        {
          "format": "kbytes",
          "label": "GB",
          "logBase": 1,
          "max": null,
          "min": null,
          "show": true
        },
        {
          "format": "short",
          "label": null,
          "logBase": 1,
          "max": null,
          "min": null,
          "show": false
        }
      ],
      "yaxis": {
        "align": false,
        "alignLevel": null
      }
    },
    {
      "aliasColors": {},
      "bars": false,
      "dashLength": 10,
      "dashes": false,
      "editable": true,
      "error": false,
      "fill": 1,
      "grid": {},
      "gridPos": {
        "h": 7,
        "w": 12,
        "x": 12,
        "y": 23
      },
      "id": 16,
      "isNew": true,
      "legend": {
        "avg": false,
        "current": false,
        "max": false,
        "min": false,
        "show": true,
        "total": false,
        "values": false
      },
      "lines": true,
      "linewidth": 2,
      "links": [],
      "nullPointMode": "connected",
      "paceLength": 10,
      "percentage": false,
      "pointradius": 5,
      "points": false,
      "renderer": "flot",
      "seriesOverrides": [],
      "stack": false,
      "steppedLine": false,
      "targets": [
        {
          "aggregator": "sum",
          "alias": "\"pool: [[tag_gpfs_diskpool_name]] on filesystem: [[tag_gpfs_fs_name]]\"",
          "currentFilterGroupBy": false,
          "currentFilterKey": "",
          "currentFilterType": "literal_or",
          "currentFilterValue": "",
          "disableDownsampling": false,
          "downsampleAggregator": "noop",
          "downsampleFillPolicy": "none",
          "downsampleInterval": "6h",
          "filters": [
            {
              "filter": "",
              "groupBy": true,
              "tagk": "gpfs_fs_name",
              "type": "pm_filter"
            },
            {
              "filter": "$byPoolName",
              "groupBy": true,
              "tagk": "gpfs_diskpool_name",
              "type": "pm_filter"
            }
          ],
          "metric": "$gpfsMetrics_pool_cap",
          "refId": "A"
        }
      ],
      "thresholds": [],
      "timeFrom": null,
      "timeRegions": [],
      "timeShift": null,
      "title": "byMETRIC2 \"$gpfsMetrics_pool_cap\"",
      "tooltip": {
        "msResolution": false,
        "shared": true,
        "sort": 0,
        "value_type": "cumulative"
      },
      "type": "graph",
      "xaxis": {
        "buckets": null,
        "mode": "time",
        "name": null,
        "show": true,
        "values": []
      },
      "yaxes": [
        {
          "format": "kbytes",
          "label": "GB",
          "logBase": 1,
          "max": null,
          "min": null,
          "show": true
        },
        {
          "format": "short",
          "label": null,
          "logBase": 1,
          "max": null,
          "min": null,
          "show": false
        }
      ],
      "yaxis": {
        "align": false,
        "alignLevel": null
      }
    }
  ],
  "refresh": "2h",
  "schemaVersion": 18,
  "style": "dark",
  "tags": [
    "default",
    "capacity"
  ],
  "templating": {
    "list": [
      {
        "allValue": null,
        "current": {},
        "datasource": "${DS_MY5.0.3TEST_CLUSTER}",
        "definition": "metrics(gpfs_)",
        "hide": 2,
        "includeAll": false,
        "label": "metric1",
        "multi": false,
        "name": "gpfsMetrics",
        "options": [],
        "query": "metrics(gpfs_)",
        "refresh": 2,
        "regex": "",
        "skipUrlSync": false,
        "sort": 0,
        "tagValuesQuery": "",
        "tags": [],
        "tagsQuery": "",
        "type": "query",
        "useTags": false
      },
      {
        "allValue": null,
        "current": {},
        "datasource": "${DS_MY5.0.3TEST_CLUSTER}",
        "definition": "metrics(gpfs_disk_)",
        "hide": 0,
        "includeAll": false,
        "label": "metric1",
        "multi": false,
        "name": "gpfsMetrics_disk_cap",
        "options": [],
        "query": "metrics(gpfs_disk_)",
        "refresh": 2,
        "regex": "",
        "skipUrlSync": false,
        "sort": 0,
        "tagValuesQuery": "",
        "tags": [],
        "tagsQuery": "",
        "type": "query",
        "useTags": false
      },
      {
        "allValue": null,
        "current": {},
        "datasource": "${DS_MY5.0.3TEST_CLUSTER}",
        "definition": "metrics(gpfs_pool_)",
        "hide": 0,
        "includeAll": false,
        "label": "metric2",
        "multi": false,
        "name": "gpfsMetrics_pool_cap",
        "options": [],
        "query": "metrics(gpfs_pool_)",
        "refresh": 2,
        "regex": "",
        "skipUrlSync": false,
        "sort": 0,
        "tagValuesQuery": "",
        "tags": [],
        "tagsQuery": "",
        "type": "query",
        "useTags": false
      },
      {
        "allValue": null,
        "current": {},
        "datasource": "${DS_MY5.0.3TEST_CLUSTER}",
        "definition": "tag_names($gpfsMetrics)",
        "hide": 2,
        "includeAll": false,
        "label": "filterBy",
        "multi": false,
        "name": "filterBy",
        "options": [],
        "query": "tag_names($gpfsMetrics)",
        "refresh": 2,
        "regex": "",
        "skipUrlSync": false,
        "sort": 0,
        "tagValuesQuery": "apps.",
        "tags": [],
        "tagsQuery": "tag_names($gpfsMetrics)",
        "type": "query",
        "useTags": false
      },
      {
        "allValue": null,
        "current": {},
        "datasource": "${DS_MY5.0.3TEST_CLUSTER}",
        "definition": "tag_values($gpfsMetrics, gpfs_diskpool_name)",
        "hide": 0,
        "includeAll": false,
        "label": null,
        "multi": false,
        "name": "byPoolName",
        "options": [],
        "query": "tag_values($gpfsMetrics, gpfs_diskpool_name)",
        "refresh": 2,
        "regex": "",
        "skipUrlSync": false,
        "sort": 0,
        "tagValuesQuery": "",
        "tags": [],
        "tagsQuery": "",
        "type": "query",
        "useTags": false
      },
      {
        "allValue": null,
        "current": {},
        "datasource": "${DS_MY5.0.3TEST_CLUSTER}",
        "definition": "tag_values($gpfsMetrics, gpfs_fs_name)",
        "hide": 0,
        "includeAll": false,
        "label": null,
        "multi": false,
        "name": "byFsName",
        "options": [],
        "query": "tag_values($gpfsMetrics, gpfs_fs_name)",
        "refresh": 2,
        "regex": "",
        "skipUrlSync": false,
        "sort": 0,
        "tagValuesQuery": "",
        "tags": [],
        "tagsQuery": "",
        "type": "query",
        "useTags": false
      },
      {
        "allValue": null,
        "current": {},
        "datasource": "${DS_MY5.0.3TEST_CLUSTER}",
        "definition": "tag_values($gpfsMetrics, gpfs_disk_name)",
        "hide": 0,
        "includeAll": false,
        "label": null,
        "multi": false,
        "name": "byDisk",
        "options": [],
        "query": "tag_values($gpfsMetrics, gpfs_disk_name)",
        "refresh": 2,
        "regex": "",
        "skipUrlSync": false,
        "sort": 0,
        "tagValuesQuery": "",
        "tags": [],
        "tagsQuery": "",
        "type": "query",
        "useTags": false
      },
      {
        "allValue": null,
        "current": {},
        "datasource": "${DS_MY5.0.3TEST_CLUSTER}",
        "definition": "",
        "hide": 2,
        "includeAll": false,
        "label": "values",
        "multi": false,
        "name": "values",
        "options": [],
        "query": "tag_values($gpfsMetrics, $filterBy)",
        "refresh": 1,
        "regex": "",
        "skipUrlSync": false,
        "sort": 0,
        "tagValuesQuery": "",
        "tags": [],
        "tagsQuery": "",
        "type": "query",
        "useTags": false
      }
    ]
  },
  "time": {
    "from": "now-2d",
    "to": "now"
  },
  "timepicker": {
    "refresh_intervals": [
      "5s",
      "10s",
      "30s",
      "1m",
      "5m",
      "15m",
      "30m",
      "1h",
      "2h",
      "1d"
    ],
    "time_options": [
      "5m",
      "15m",
      "1h",
      "6h",
      "12h",
      "24h",
      "2d",
      "7d",
      "30d"
    ]
  },
  "timezone": "browser",
  "title": "Pool Capacity View",
  "uid": "TbifoSCmk",
  "version": 1
}